request_lead_time,event,requested_date,event_date,lead_days,estimated_sandwiches
Under 2 weeks,Emory,2025-10-05T00:00:00.000Z,2025-10-05T00:00:00.000Z,0,300
Under 2 weeks,Emory,2025-10-05T00:00:00.000Z,2025-10-08T00:00:00.000Z,3,200
Under 2 weeks,NCJW,2025-10-05T00:00:00.000Z,2025-10-08T00:00:00.000Z,3,120
Under 2 weeks,Northview High School,2025-10-01T00:00:00.000Z,2025-10-08T00:00:00.000Z,7,500
Under 2 weeks,TPx,2025-10-02T00:00:00.000Z,2025-10-08T00:00:00.000Z,6,450
Under 2 weeks,Body GOALS PT,2025-10-10T00:00:00.000Z,2025-10-14T00:00:00.000Z,4,0
Under 2 weeks,Village Oaks Subdivision,2025-10-08T00:00:00.000Z,2025-10-15T00:00:00.000Z,7,100
Under 2 weeks,YMSL,2025-10-18T00:00:00.000Z,2025-10-18T00:00:00.000Z,0,400
Under 2 weeks,Christ The King School,2025-10-13T00:00:00.000Z,2025-10-22T00:00:00.000Z,9,
Under 2 weeks,Walton High School,2025-10-09T00:00:00.000Z,2025-10-22T00:00:00.000Z,13,250
Under 2 weeks,Altrusa International,2025-10-22T00:00:00.000Z,2025-10-24T00:00:00.000Z,2,500
Under 2 weeks,YMSL,2025-10-13T00:00:00.000Z,2025-10-25T00:00:00.000Z,12,220
Under 2 weeks,NCL,2025-10-20T00:00:00.000Z,2025-10-26T00:00:00.000Z,6,250
Under 2 weeks,NCL,2025-10-21T00:00:00.000Z,2025-10-29T00:00:00.000Z,8,200
2–4 weeks,Roswell Presbyterian Church,2025-09-09T00:00:00.000Z,2025-10-01T00:00:00.000Z,22,1000
2–4 weeks,The Swift School,2025-09-04T00:00:00.000Z,2025-10-01T00:00:00.000Z,27,300
2–4 weeks,CISV,2025-09-28T00:00:00.000Z,2025-10-12T00:00:00.000Z,14,200
2–4 weeks,Omega Phi Alpha at Kennesaw State University,2025-09-24T00:00:00.000Z,2025-10-13T00:00:00.000Z,19,100
2–4 weeks,Omega Phi Alpha at Kennesaw State University,2025-09-23T00:00:00.000Z,2025-10-13T00:00:00.000Z,20,
2–4 weeks,Sheraton Suites Galleria Atlanta,2025-09-30T00:00:00.000Z,2025-10-15T00:00:00.000Z,15,250
2–4 weeks,Gwinnett Youth Commission,2025-09-19T00:00:00.000Z,2025-10-17T00:00:00.000Z,28,250
2–4 weeks,Outlaws Travel Baseball,2025-09-29T00:00:00.000Z,2025-10-18T00:00:00.000Z,19,
2–4 weeks,Georgia Tech,2025-10-05T00:00:00.000Z,2025-10-21T00:00:00.000Z,16,200
2–4 weeks,Kennesaw State University,2025-10-03T00:00:00.000Z,2025-10-22T00:00:00.000Z,19,100
2–4 weeks,Wesleyan School,2025-09-25T00:00:00.000Z,2025-10-22T00:00:00.000Z,27,220
2–4 weeks,Jack & Jill,2025-10-05T00:00:00.000Z,2025-10-25T00:00:00.000Z,20,100
2–4 weeks,Taylor Arnold Birthday Service Project,2025-10-05T00:00:00.000Z,2025-10-25T00:00:00.000Z,20,
2–4 weeks,Mosaic Design Build,2025-09-30T00:00:00.000Z,2025-10-29T00:00:00.000Z,29,200
2–4 weeks,Peachtree Church,2025-10-09T00:00:00.000Z,2025-10-29T00:00:00.000Z,20,200
2–4 weeks,Guidehouse,2025-10-05T00:00:00.000Z,2025-10-30T00:00:00.000Z,25,
1–2 months,Cox,2025-08-26T00:00:00.000Z,2025-10-01T00:00:00.000Z,36,170
1–2 months,Cox,2025-08-26T00:00:00.000Z,2025-10-01T00:00:00.000Z,36,200
1–2 months,Westminster,2025-08-29T00:00:00.000Z,2025-10-01T00:00:00.000Z,33,450
1–2 months,NCL,2025-08-31T00:00:00.000Z,2025-10-04T00:00:00.000Z,34,300
1–2 months,Compassion in Action,2025-08-31T00:00:00.000Z,2025-10-05T00:00:00.000Z,35,1300
1–2 months,Tritt Elementary,2025-08-25T00:00:00.000Z,2025-10-07T00:00:00.000Z,43,200
1–2 months,Capstone Academy,2025-08-30T00:00:00.000Z,2025-10-08T00:00:00.000Z,39,100
1–2 months,Greystone Garden Club,2025-08-31T00:00:00.000Z,2025-10-08T00:00:00.000Z,38,200
1–2 months,Marietta High School,2025-09-08T00:00:00.000Z,2025-10-09T00:00:00.000Z,31,200
1–2 months,LDS,2025-09-03T00:00:00.000Z,2025-10-11T00:00:00.000Z,38,500
1–2 months,Dacula United Methodist Church,2025-08-28T00:00:00.000Z,2025-10-18T00:00:00.000Z,51,200
1–2 months,Emory,2025-09-03T00:00:00.000Z,2025-10-18T00:00:00.000Z,45,600
1–2 months,Korean-American Community,2025-09-17T00:00:00.000Z,2025-10-26T00:00:00.000Z,39,200
1–2 months,Rotary Club,2025-09-22T00:00:00.000Z,2025-10-26T00:00:00.000Z,34,200
1–2 months,Synergis,2025-09-08T00:00:00.000Z,2025-10-29T00:00:00.000Z,51,500
request_lead_time,event,requested_date,event_date,lead_days,estimated_sandwiches
Under 2 weeks,Emory,2025-10-05T00:00:00.000Z,2025-10-05T00:00:00.000Z,0,300
Under 2 weeks,Emory,2025-10-05T00:00:00.000Z,2025-10-08T00:00:00.000Z,3,200
Under 2 weeks,NCJW,2025-10-05T00:00:00.000Z,2025-10-08T00:00:00.000Z,3,120
Under 2 weeks,Northview High School,2025-10-01T00:00:00.000Z,2025-10-08T00:00:00.000Z,7,500
Under 2 weeks,TPx,2025-10-02T00:00:00.000Z,2025-10-08T00:00:00.000Z,6,450
Under 2 weeks,Body GOALS PT,2025-10-10T00:00:00.000Z,2025-10-14T00:00:00.000Z,4,0
Under 2 weeks,Village Oaks Subdivision,2025-10-08T00:00:00.000Z,2025-10-15T00:00:00.000Z,7,100
Under 2 weeks,YMSL,2025-10-18T00:00:00.000Z,2025-10-18T00:00:00.000Z,0,400
Under 2 weeks,Christ The King School,2025-10-13T00:00:00.000Z,2025-10-22T00:00:00.000Z,9,
Under 2 weeks,Walton High School,2025-10-09T00:00:00.000Z,2025-10-22T00:00:00.000Z,13,250
Under 2 weeks,Altrusa International,2025-10-22T00:00:00.000Z,2025-10-24T00:00:00.000Z,2,500
Under 2 weeks,YMSL,2025-10-13T00:00:00.000Z,2025-10-25T00:00:00.000Z,12,220
Under 2 weeks,NCL,2025-10-20T00:00:00.000Z,2025-10-26T00:00:00.000Z,6,250
Under 2 weeks,NCL,2025-10-21T00:00:00.000Z,2025-10-29T00:00:00.000Z,8,200
2–4 weeks,Roswell Presbyterian Church,2025-09-09T00:00:00.000Z,2025-10-01T00:00:00.000Z,22,1000
2–4 weeks,The Swift School,2025-09-04T00:00:00.000Z,2025-10-01T00:00:00.000Z,27,300
2–4 weeks,CISV,2025-09-28T00:00:00.000Z,2025-10-12T00:00:00.000Z,14,200
2–4 weeks,Omega Phi Alpha at Kennesaw State University,2025-09-24T00:00:00.000Z,2025-10-13T00:00:00.000Z,19,100
2–4 weeks,Omega Phi Alpha at Kennesaw State University,2025-09-23T00:00:00.000Z,2025-10-13T00:00:00.000Z,20,
2–4 weeks,Sheraton Suites Galleria Atlanta,2025-09-30T00:00:00.000Z,2025-10-15T00:00:00.000Z,15,250
2–4 weeks,Gwinnett Youth Commission,2025-09-19T00:00:00.000Z,2025-10-17T00:00:00.000Z,28,250
2–4 weeks,Outlaws Travel Baseball,2025-09-29T00:00:00.000Z,2025-10-18T00:00:00.000Z,19,
2–4 weeks,Georgia Tech,2025-10-05T00:00:00.000Z,2025-10-21T00:00:00.000Z,16,200
2–4 weeks,Kennesaw State University,2025-10-03T00:00:00.000Z,2025-10-22T00:00:00.000Z,19,100
2–4 weeks,Wesleyan School,2025-09-25T00:00:00.000Z,2025-10-22T00:00:00.000Z,27,220
2–4 weeks,Jack & Jill,2025-10-05T00:00:00.000Z,2025-10-25T00:00:00.000Z,20,100
2–4 weeks,Taylor Arnold Birthday Service Project,2025-10-05T00:00:00.000Z,2025-10-25T00:00:00.000Z,20,
2–4 weeks,Mosaic Design Build,2025-09-30T00:00:00.000Z,2025-10-29T00:00:00.000Z,29,200
2–4 weeks,Peachtree Church,2025-10-09T00:00:00.000Z,2025-10-29T00:00:00.000Z,20,200
2–4 weeks,Guidehouse,2025-10-05T00:00:00.000Z,2025-10-30T00:00:00.000Z,25,
1–2 months,Cox,2025-08-26T00:00:00.000Z,2025-10-01T00:00:00.000Z,36,170
1–2 months,Cox,2025-08-26T00:00:00.000Z,2025-10-01T00:00:00.000Z,36,200
1–2 months,Westminster,2025-08-29T00:00:00.000Z,2025-10-01T00:00:00.000Z,33,450
1–2 months,NCL,2025-08-31T00:00:00.000Z,2025-10-04T00:00:00.000Z,34,300
1–2 months,Compassion in Action,2025-08-31T00:00:00.000Z,2025-10-05T00:00:00.000Z,35,1300
1–2 months,Tritt Elementary,2025-08-25T00:00:00.000Z,2025-10-07T00:00:00.000Z,43,200
1–2 months,Capstone Academy,2025-08-30T00:00:00.000Z,2025-10-08T00:00:00.000Z,39,100
1–2 months,Greystone Garden Club,2025-08-31T00:00:00.000Z,2025-10-08T00:00:00.000Z,38,200
1–2 months,Marietta High School,2025-09-08T00:00:00.000Z,2025-10-09T00:00:00.000Z,31,200
1–2 months,LDS,2025-09-03T00:00:00.000Z,2025-10-11T00:00:00.000Z,38,500
1–2 months,Dacula United Methodist Church,2025-08-28T00:00:00.000Z,2025-10-18T00:00:00.000Z,51,200
1–2 months,Emory,2025-09-03T00:00:00.000Z,2025-10-18T00:00:00.000Z,45,600
1–2 months,Korean-American Community,2025-09-17T00:00:00.000Z,2025-10-26T00:00:00.000Z,39,200
1–2 months,Rotary Club,2025-09-22T00:00:00.000Z,2025-10-26T00:00:00.000Z,34,200
1–2 months,Synergis,2025-09-08T00:00:00.000Z,2025-10-29T00:00:00.000Z,51,500
request_lead_time,event,requested_date,event_date,lead_days,estimated_sandwiches
Under 2 weeks,Emory,2025-10-05T00:00:00.000Z,2025-10-05T00:00:00.000Z,0,300
Under 2 weeks,Emory,2025-10-05T00:00:00.000Z,2025-10-08T00:00:00.000Z,3,200
Under 2 weeks,NCJW,2025-10-05T00:00:00.000Z,2025-10-08T00:00:00.000Z,3,120
Under 2 weeks,Northview High School,2025-10-01T00:00:00.000Z,2025-10-08T00:00:00.000Z,7,500
Under 2 weeks,TPx,2025-10-02T00:00:00.000Z,2025-10-08T00:00:00.000Z,6,450
Under 2 weeks,Body GOALS PT,2025-10-10T00:00:00.000Z,2025-10-14T00:00:00.000Z,4,0
Under 2 weeks,Village Oaks Subdivision,2025-10-08T00:00:00.000Z,2025-10-15T00:00:00.000Z,7,100
Under 2 weeks,YMSL,2025-10-18T00:00:00.000Z,2025-10-18T00:00:00.000Z,0,400
Under 2 weeks,Christ The King School,2025-10-13T00:00:00.000Z,2025-10-22T00:00:00.000Z,9,
Under 2 weeks,Walton High School,2025-10-09T00:00:00.000Z,2025-10-22T00:00:00.000Z,13,250
Under 2 weeks,Altrusa International,2025-10-22T00:00:00.000Z,2025-10-24T00:00:00.000Z,2,500
Under 2 weeks,YMSL,2025-10-13T00:00:00.000Z,2025-10-25T00:00:00.000Z,12,220
Under 2 weeks,NCL,2025-10-20T00:00:00.000Z,2025-10-26T00:00:00.000Z,6,250
Under 2 weeks,NCL,2025-10-21T00:00:00.000Z,2025-10-29T00:00:00.000Z,8,200
2–4 weeks,Roswell Presbyterian Church,2025-09-09T00:00:00.000Z,2025-10-01T00:00:00.000Z,22,1000
2–4 weeks,The Swift School,2025-09-04T00:00:00.000Z,2025-10-01T00:00:00.000Z,27,300
2–4 weeks,CISV,2025-09-28T00:00:00.000Z,2025-10-12T00:00:00.000Z,14,200
2–4 weeks,Omega Phi Alpha at Kennesaw State University,2025-09-24T00:00:00.000Z,2025-10-13T00:00:00.000Z,19,100
2–4 weeks,Omega Phi Alpha at Kennesaw State University,2025-09-23T00:00:00.000Z,2025-10-13T00:00:00.000Z,20,
2–4 weeks,Sheraton Suites Galleria Atlanta,2025-09-30T00:00:00.000Z,2025-10-15T00:00:00.000Z,15,250
2–4 weeks,Gwinnett Youth Commission,2025-09-19T00:00:00.000Z,2025-10-17T00:00:00.000Z,28,250
2–4 weeks,Outlaws Travel Baseball,2025-09-29T00:00:00.000Z,2025-10-18T00:00:00.000Z,19,
2–4 weeks,Georgia Tech,2025-10-05T00:00:00.000Z,2025-10-21T00:00:00.000Z,16,200
2–4 weeks,Kennesaw State University,2025-10-03T00:00:00.000Z,2025-10-22T00:00:00.000Z,19,100
2–4 weeks,Wesleyan School,2025-09-25T00:00:00.000Z,2025-10-22T00:00:00.000Z,27,220
2–4 weeks,Jack & Jill,2025-10-05T00:00:00.000Z,2025-10-25T00:00:00.000Z,20,100
2–4 weeks,Taylor Arnold Birthday Service Project,2025-10-05T00:00:00.000Z,2025-10-25T00:00:00.000Z,20,
2–4 weeks,Mosaic Design Build,2025-09-30T00:00:00.000Z,2025-10-29T00:00:00.000Z,29,200
2–4 weeks,Peachtree Church,2025-10-09T00:00:00.000Z,2025-10-29T00:00:00.000Z,20,200
2–4 weeks,Guidehouse,2025-10-05T00:00:00.000Z,2025-10-30T00:00:00.000Z,25,
1–2 months,Cox,2025-08-26T00:00:00.000Z,2025-10-01T00:00:00.000Z,36,170
1–2 months,Cox,2025-08-26T00:00:00.000Z,2025-10-01T00:00:00.000Z,36,200
1–2 months,Westminster,2025-08-29T00:00:00.000Z,2025-10-01T00:00:00.000Z,33,450
1–2 months,NCL,2025-08-31T00:00:00.000Z,2025-10-04T00:00:00.000Z,34,300
1–2 months,Compassion in Action,2025-08-31T00:00:00.000Z,2025-10-05T00:00:00.000Z,35,1300
1–2 months,Tritt Elementary,2025-08-25T00:00:00.000Z,2025-10-07T00:00:00.000Z,43,200
1–2 months,Capstone Academy,2025-08-30T00:00:00.000Z,2025-10-08T00:00:00.000Z,39,100
1–2 months,Greystone Garden Club,2025-08-31T00:00:00.000Z,2025-10-08T00:00:00.000Z,38,200
1–2 months,Marietta High School,2025-09-08T00:00:00.000Z,2025-10-09T00:00:00.000Z,31,200
1–2 months,LDS,2025-09-03T00:00:00.000Z,2025-10-11T00:00:00.000Z,38,500
1–2 months,Dacula United Methodist Church,2025-08-28T00:00:00.000Z,2025-10-18T00:00:00.000Z,51,200
1–2 months,Emory,2025-09-03T00:00:00.000Z,2025-10-18T00:00:00.000Z,45,600
1–2 months,Korean-American Community,2025-09-17T00:00:00.000Z,2025-10-26T00:00:00.000Z,39,200
1–2 months,Rotary Club,2025-09-22T00:00:00.000Z,2025-10-26T00:00:00.000Z,34,200
1–2 months,Synergis,2025-09-08T00:00:00.000Z,2025-10-29T00:00:00.000Z,51,500
request_lead_time,event,requested_date,event_date,lead_days,estimated_sandwiches
Under 2 weeks,Emory,2025-10-05T00:00:00.000Z,2025-10-05T00:00:00.000Z,0,300
Under 2 weeks,Emory,2025-10-05T00:00:00.000Z,2025-10-08T00:00:00.000Z,3,200
Under 2 weeks,NCJW,2025-10-05T00:00:00.000Z,2025-10-08T00:00:00.000Z,3,120
Under 2 weeks,Northview High School,2025-10-01T00:00:00.000Z,2025-10-08T00:00:00.000Z,7,500
Under 2 weeks,TPx,2025-10-02T00:00:00.000Z,2025-10-08T00:00:00.000Z,6,450
Under 2 weeks,Body GOALS PT,2025-10-10T00:00:00.000Z,2025-10-14T00:00:00.000Z,4,0
Under 2 weeks,Village Oaks Subdivision,2025-10-08T00:00:00.000Z,2025-10-15T00:00:00.000Z,7,100
Under 2 weeks,YMSL,2025-10-18T00:00:00.000Z,2025-10-18T00:00:00.000Z,0,400
Under 2 weeks,Christ The King School,2025-10-13T00:00:00.000Z,2025-10-22T00:00:00.000Z,9,
Under 2 weeks,Walton High School,2025-10-09T00:00:00.000Z,2025-10-22T00:00:00.000Z,13,250
Under 2 weeks,Altrusa International,2025-10-22T00:00:00.000Z,2025-10-24T00:00:00.000Z,2,500
Under 2 weeks,YMSL,2025-10-13T00:00:00.000Z,2025-10-25T00:00:00.000Z,12,220
Under 2 weeks,NCL,2025-10-20T00:00:00.000Z,2025-10-26T00:00:00.000Z,6,250
Under 2 weeks,NCL,2025-10-21T00:00:00.000Z,2025-10-29T00:00:00.000Z,8,200
2–4 weeks,Roswell Presbyterian Church,2025-09-09T00:00:00.000Z,2025-10-01T00:00:00.000Z,22,1000
2–4 weeks,The Swift School,2025-09-04T00:00:00.000Z,2025-10-01T00:00:00.000Z,27,300
2–4 weeks,CISV,2025-09-28T00:00:00.000Z,2025-10-12T00:00:00.000Z,14,200
2–4 weeks,Omega Phi Alpha at Kennesaw State University,2025-09-24T00:00:00.000Z,2025-10-13T00:00:00.000Z,19,100
2–4 weeks,Omega Phi Alpha at Kennesaw State University,2025-09-23T00:00:00.000Z,2025-10-13T00:00:00.000Z,20,
2–4 weeks,Sheraton Suites Galleria Atlanta,2025-09-30T00:00:00.000Z,2025-10-15T00:00:00.000Z,15,250
2–4 weeks,Gwinnett Youth Commission,2025-09-19T00:00:00.000Z,2025-10-17T00:00:00.000Z,28,250
2–4 weeks,Outlaws Travel Baseball,2025-09-29T00:00:00.000Z,2025-10-18T00:00:00.000Z,19,
2–4 weeks,Georgia Tech,2025-10-05T00:00:00.000Z,2025-10-21T00:00:00.000Z,16,200
2–4 weeks,Kennesaw State University,2025-10-03T00:00:00.000Z,2025-10-22T00:00:00.000Z,19,100
2–4 weeks,Wesleyan School,2025-09-25T00:00:00.000Z,2025-10-22T00:00:00.000Z,27,220
2–4 weeks,Jack & Jill,2025-10-05T00:00:00.000Z,2025-10-25T00:00:00.000Z,20,100
2–4 weeks,Taylor Arnold Birthday Service Project,2025-10-05T00:00:00.000Z,2025-10-25T00:00:00.000Z,20,
2–4 weeks,Mosaic Design Build,2025-09-30T00:00:00.000Z,2025-10-29T00:00:00.000Z,29,200
2–4 weeks,Peachtree Church,2025-10-09T00:00:00.000Z,2025-10-29T00:00:00.000Z,20,200
2–4 weeks,Guidehouse,2025-10-05T00:00:00.000Z,2025-10-30T00:00:00.000Z,25,
1–2 months,Cox,2025-08-26T00:00:00.000Z,2025-10-01T00:00:00.000Z,36,170
1–2 months,Cox,2025-08-26T00:00:00.000Z,2025-10-01T00:00:00.000Z,36,200
1–2 months,Westminster,2025-08-29T00:00:00.000Z,2025-10-01T00:00:00.000Z,33,450
1–2 months,NCL,2025-08-31T00:00:00.000Z,2025-10-04T00:00:00.000Z,34,300
1–2 months,Compassion in Action,2025-08-31T00:00:00.000Z,2025-10-05T00:00:00.000Z,35,1300
1–2 months,Tritt Elementary,2025-08-25T00:00:00.000Z,2025-10-07T00:00:00.000Z,43,200
1–2 months,Capstone Academy,2025-08-30T00:00:00.000Z,2025-10-08T00:00:00.000Z,39,100
1–2 months,Greystone Garden Club,2025-08-31T00:00:00.000Z,2025-10-08T00:00:00.000Z,38,200
1–2 months,Marietta High School,2025-09-08T00:00:00.000Z,2025-10-09T00:00:00.000Z,31,200
1–2 months,LDS,2025-09-03T00:00:00.000Z,2025-10-11T00:00:00.000Z,38,500
1–2 months,Dacula United Methodist Church,2025-08-28T00:00:00.000Z,2025-10-18T00:00:00.000Z,51,200
1–2 months,Emory,2025-09-03T00:00:00.000Z,2025-10-18T00:00:00.000Z,45,600
1–2 months,Korean-American Community,2025-09-17T00:00:00.000Z,2025-10-26T00:00:00.000Z,39,200
1–2 months,Rotary Club,2025-09-22T00:00:00.000Z,2025-10-26T00:00:00.000Z,34,200
1–2 months,Synergis,2025-09-08T00:00:00.000Z,2025-10-29T00:00:00.000Z,51,500
request_lead_time,event,requested_date,event_date,lead_days,estimated_sandwiches
Under 2 weeks,Emory,2025-10-05T00:00:00.000Z,2025-10-05T00:00:00.000Z,0,300
Under 2 weeks,Emory,2025-10-05T00:00:00.000Z,2025-10-08T00:00:00.000Z,3,200
Under 2 weeks,NCJW,2025-10-05T00:00:00.000Z,2025-10-08T00:00:00.000Z,3,120
Under 2 weeks,Northview High School,2025-10-01T00:00:00.000Z,2025-10-08T00:00:00.000Z,7,500
Under 2 weeks,TPx,2025-10-02T00:00:00.000Z,2025-10-08T00:00:00.000Z,6,450
Under 2 weeks,Body GOALS PT,2025-10-10T00:00:00.000Z,2025-10-14T00:00:00.000Z,4,0
Under 2 weeks,Village Oaks Subdivision,2025-10-08T00:00:00.000Z,2025-10-15T00:00:00.000Z,7,100
Under 2 weeks,YMSL,2025-10-18T00:00:00.000Z,2025-10-18T00:00:00.000Z,0,400
Under 2 weeks,Christ The King School,2025-10-13T00:00:00.000Z,2025-10-22T00:00:00.000Z,9,
Under 2 weeks,Walton High School,2025-10-09T00:00:00.000Z,2025-10-22T00:00:00.000Z,13,250
Under 2 weeks,Altrusa International,2025-10-22T00:00:00.000Z,2025-10-24T00:00:00.000Z,2,500
Under 2 weeks,YMSL,2025-10-13T00:00:00.000Z,2025-10-25T00:00:00.000Z,12,220
Under 2 weeks,NCL,2025-10-20T00:00:00.000Z,2025-10-26T00:00:00.000Z,6,250
Under 2 weeks,NCL,2025-10-21T00:00:00.000Z,2025-10-29T00:00:00.000Z,8,200
2–4 weeks,Roswell Presbyterian Church,2025-09-09T00:00:00.000Z,2025-10-01T00:00:00.000Z,22,1000
2–4 weeks,The Swift School,2025-09-04T00:00:00.000Z,2025-10-01T00:00:00.000Z,27,300
2–4 weeks,CISV,2025-09-28T00:00:00.000Z,2025-10-12T00:00:00.000Z,14,200
2–4 weeks,Omega Phi Alpha at Kennesaw State University,2025-09-24T00:00:00.000Z,2025-10-13T00:00:00.000Z,19,100
2–4 weeks,Omega Phi Alpha at Kennesaw State University,2025-09-23T00:00:00.000Z,2025-10-13T00:00:00.000Z,20,
2–4 weeks,Sheraton Suites Galleria Atlanta,2025-09-30T00:00:00.000Z,2025-10-15T00:00:00.000Z,15,250
2–4 weeks,Gwinnett Youth Commission,2025-09-19T00:00:00.000Z,2025-10-17T00:00:00.000Z,28,250
2–4 weeks,Outlaws Travel Baseball,2025-09-29T00:00:00.000Z,2025-10-18T00:00:00.000Z,19,
2–4 weeks,Georgia Tech,2025-10-05T00:00:00.000Z,2025-10-21T00:00:00.000Z,16,200
2–4 weeks,Kennesaw State University,2025-10-03T00:00:00.000Z,2025-10-22T00:00:00.000Z,19,100
2–4 weeks,Wesleyan School,2025-09-25T00:00:00.000Z,2025-10-22T00:00:00.000Z,27,220
2–4 weeks,Jack & Jill,2025-10-05T00:00:00.000Z,2025-10-25T00:00:00.000Z,20,100
2–4 weeks,Taylor Arnold Birthday Service Project,2025-10-05T00:00:00.000Z,2025-10-25T00:00:00.000Z,20,
2–4 weeks,Mosaic Design Build,2025-09-30T00:00:00.000Z,2025-10-29T00:00:00.000Z,29,200
2–4 weeks,Peachtree Church,2025-10-09T00:00:00.000Z,2025-10-29T00:00:00.000Z,20,200
2–4 weeks,Guidehouse,2025-10-05T00:00:00.000Z,2025-10-30T00:00:00.000Z,25,
1–2 months,Cox,2025-08-26T00:00:00.000Z,2025-10-01T00:00:00.000Z,36,170
1–2 months,Cox,2025-08-26T00:00:00.000Z,2025-10-01T00:00:00.000Z,36,200
1–2 months,Westminster,2025-08-29T00:00:00.000Z,2025-10-01T00:00:00.000Z,33,450
1–2 months,NCL,2025-08-31T00:00:00.000Z,2025-10-04T00:00:00.000Z,34,300
1–2 months,Compassion in Action,2025-08-31T00:00:00.000Z,2025-10-05T00:00:00.000Z,35,1300
1–2 months,Tritt Elementary,2025-08-25T00:00:00.000Z,2025-10-07T00:00:00.000Z,43,200
1–2 months,Capstone Academy,2025-08-30T00:00:00.000Z,2025-10-08T00:00:00.000Z,39,100
1–2 months,Greystone Garden Club,2025-08-31T00:00:00.000Z,2025-10-08T00:00:00.000Z,38,200
1–2 months,Marietta High School,2025-09-08T00:00:00.000Z,2025-10-09T00:00:00.000Z,31,200
1–2 months,LDS,2025-09-03T00:00:00.000Z,2025-10-11T00:00:00.000Z,38,500
1–2 months,Dacula United Methodist Church,2025-08-28T00:00:00.000Z,2025-10-18T00:00:00.000Z,51,200
1–2 months,Emory,2025-09-03T00:00:00.000Z,2025-10-18T00:00:00.000Z,45,600
1–2 months,Korean-American Community,2025-09-17T00:00:00.000Z,2025-10-26T00:00:00.000Z,39,200
1–2 months,Rotary Club,2025-09-22T00:00:00.000Z,2025-10-26T00:00:00.000Z,34,200
1–2 months,Synergis,2025-09-08T00:00:00.000Z,2025-10-29T00:00:00.000Z,51,500
request_lead_time,event,requested_date,event_date,lead_days,estimated_sandwiches
Under 2 weeks,Emory,2025-10-05T00:00:00.000Z,2025-10-05T00:00:00.000Z,0,300
Under 2 weeks,Emory,2025-10-05T00:00:00.000Z,2025-10-08T00:00:00.000Z,3,200
Under 2 weeks,NCJW,2025-10-05T00:00:00.000Z,2025-10-08T00:00:00.000Z,3,120
Under 2 weeks,Northview High School,2025-10-01T00:00:00.000Z,2025-10-08T00:00:00.000Z,7,500
Under 2 weeks,TPx,2025-10-02T00:00:00.000Z,2025-10-08T00:00:00.000Z,6,450
Under 2 weeks,Body GOALS PT,2025-10-10T00:00:00.000Z,2025-10-14T00:00:00.000Z,4,0
Under 2 weeks,Village Oaks Subdivision,2025-10-08T00:00:00.000Z,2025-10-15T00:00:00.000Z,7,100
Under 2 weeks,YMSL,2025-10-18T00:00:00.000Z,2025-10-18T00:00:00.000Z,0,400
Under 2 weeks,Christ The King School,2025-10-13T00:00:00.000Z,2025-10-22T00:00:00.000Z,9,
Under 2 weeks,Walton High School,2025-10-09T00:00:00.000Z,2025-10-22T00:00:00.000Z,13,250
Under 2 weeks,Altrusa International,2025-10-22T00:00:00.000Z,2025-10-24T00:00:00.000Z,2,500
Under 2 weeks,YMSL,2025-10-13T00:00:00.000Z,2025-10-25T00:00:00.000Z,12,220
Under 2 weeks,NCL,2025-10-20T00:00:00.000Z,2025-10-26T00:00:00.000Z,6,250
Under 2 weeks,NCL,2025-10-21T00:00:00.000Z,2025-10-29T00:00:00.000Z,8,200
2–4 weeks,Roswell Presbyterian Church,2025-09-09T00:00:00.000Z,2025-10-01T00:00:00.000Z,22,1000
2–4 weeks,The Swift School,2025-09-04T00:00:00.000Z,2025-10-01T00:00:00.000Z,27,300
2–4 weeks,CISV,2025-09-28T00:00:00.000Z,2025-10-12T00:00:00.000Z,14,200
2–4 weeks,Omega Phi Alpha at Kennesaw State University,2025-09-24T00:00:00.000Z,2025-10-13T00:00:00.000Z,19,100
2–4 weeks,Omega Phi Alpha at Kennesaw State University,2025-09-23T00:00:00.000Z,2025-10-13T00:00:00.000Z,20,
2–4 weeks,Sheraton Suites Galleria Atlanta,2025-09-30T00:00:00.000Z,2025-10-15T00:00:00.000Z,15,250
2–4 weeks,Gwinnett Youth Commission,2025-09-19T00:00:00.000Z,2025-10-17T00:00:00.000Z,28,250
2–4 weeks,Outlaws Travel Baseball,2025-09-29T00:00:00.000Z,2025-10-18T00:00:00.000Z,19,
2–4 weeks,Georgia Tech,2025-10-05T00:00:00.000Z,2025-10-21T00:00:00.000Z,16,200
2–4 weeks,Kennesaw State University,2025-10-03T00:00:00.000Z,2025-10-22T00:00:00.000Z,19,100
2–4 weeks,Wesleyan School,2025-09-25T00:00:00.000Z,2025-10-22T00:00:00.000Z,27,220
2–4 weeks,Jack & Jill,2025-10-05T00:00:00.000Z,2025-10-25T00:00:00.000Z,20,100
2–4 weeks,Taylor Arnold Birthday Service Project,2025-10-05T00:00:00.000Z,2025-10-25T00:00:00.000Z,20,
2–4 weeks,Mosaic Design Build,2025-09-30T00:00:00.000Z,2025-10-29T00:00:00.000Z,29,200
2–4 weeks,Peachtree Church,2025-10-09T00:00:00.000Z,2025-10-29T00:00:00.000Z,20,200
2–4 weeks,Guidehouse,2025-10-05T00:00:00.000Z,2025-10-30T00:00:00.000Z,25,
1–2 months,Cox,2025-08-26T00:00:00.000Z,2025-10-01T00:00:00.000Z,36,170
1–2 months,Cox,2025-08-26T00:00:00.000Z,2025-10-01T00:00:00.000Z,36,200
1–2 months,Westminster,2025-08-29T00:00:00.000Z,2025-10-01T00:00:00.000Z,33,450
1–2 months,NCL,2025-08-31T00:00:00.000Z,2025-10-04T00:00:00.000Z,34,300
1–2 months,Compassion in Action,2025-08-31T00:00:00.000Z,2025-10-05T00:00:00.000Z,35,1300
1–2 months,Tritt Elementary,2025-08-25T00:00:00.000Z,2025-10-07T00:00:00.000Z,43,200
1–2 months,Capstone Academy,2025-08-30T00:00:00.000Z,2025-10-08T00:00:00.000Z,39,100
1–2 months,Greystone Garden Club,2025-08-31T00:00:00.000Z,2025-10-08T00:00:00.000Z,38,200
1–2 months,Marietta High School,2025-09-08T00:00:00.000Z,2025-10-09T00:00:00.000Z,31,200
1–2 months,LDS,2025-09-03T00:00:00.000Z,2025-10-11T00:00:00.000Z,38,500
1–2 months,Dacula United Methodist Church,2025-08-28T00:00:00.000Z,2025-10-18T00:00:00.000Z,51,200
1–2 months,Emory,2025-09-03T00:00:00.000Z,2025-10-18T00:00:00.000Z,45,600
1–2 months,Korean-American Community,2025-09-17T00:00:00.000Z,2025-10-26T00:00:00.000Z,39,200
1–2 months,Rotary Club,2025-09-22T00:00:00.000Z,2025-10-26T00:00:00.000Z,34,200
1–2 months,Synergis,2025-09-08T00:00:00.000Z,2025-10-29T00:00:00.000Z,51,500
request_lead_time,event,requested_date,event_date,lead_days,estimated_sandwiches
Under 2 weeks,Emory,2025-10-05T00:00:00.000Z,2025-10-05T00:00:00.000Z,0,300
Under 2 weeks,Emory,2025-10-05T00:00:00.000Z,2025-10-08T00:00:00.000Z,3,200
Under 2 weeks,NCJW,2025-10-05T00:00:00.000Z,2025-10-08T00:00:00.000Z,3,120
Under 2 weeks,Northview High School,2025-10-01T00:00:00.000Z,2025-10-08T00:00:00.000Z,7,500
Under 2 weeks,TPx,2025-10-02T00:00:00.000Z,2025-10-08T00:00:00.000Z,6,450
Under 2 weeks,Body GOALS PT,2025-10-10T00:00:00.000Z,2025-10-14T00:00:00.000Z,4,0
Under 2 weeks,Village Oaks Subdivision,2025-10-08T00:00:00.000Z,2025-10-15T00:00:00.000Z,7,100
Under 2 weeks,YMSL,2025-10-18T00:00:00.000Z,2025-10-18T00:00:00.000Z,0,400
Under 2 weeks,Christ The King School,2025-10-13T00:00:00.000Z,2025-10-22T00:00:00.000Z,9,
Under 2 weeks,Walton High School,2025-10-09T00:00:00.000Z,2025-10-22T00:00:00.000Z,13,250
Under 2 weeks,Altrusa International,2025-10-22T00:00:00.000Z,2025-10-24T00:00:00.000Z,2,500
Under 2 weeks,YMSL,2025-10-13T00:00:00.000Z,2025-10-25T00:00:00.000Z,12,220
Under 2 weeks,NCL,2025-10-20T00:00:00.000Z,2025-10-26T00:00:00.000Z,6,250
Under 2 weeks,NCL,2025-10-21T00:00:00.000Z,2025-10-29T00:00:00.000Z,8,200
2–4 weeks,Roswell Presbyterian Church,2025-09-09T00:00:00.000Z,2025-10-01T00:00:00.000Z,22,1000
2–4 weeks,The Swift School,2025-09-04T00:00:00.000Z,2025-10-01T00:00:00.000Z,27,300
2–4 weeks,CISV,2025-09-28T00:00:00.000Z,2025-10-12T00:00:00.000Z,14,200
2–4 weeks,Omega Phi Alpha at Kennesaw State University,2025-09-24T00:00:00.000Z,2025-10-13T00:00:00.000Z,19,100
2–4 weeks,Omega Phi Alpha at Kennesaw State University,2025-09-23T00:00:00.000Z,2025-10-13T00:00:00.000Z,20,
2–4 weeks,Sheraton Suites Galleria Atlanta,2025-09-30T00:00:00.000Z,2025-10-15T00:00:00.000Z,15,250
2–4 weeks,Gwinnett Youth Commission,2025-09-19T00:00:00.000Z,2025-10-17T00:00:00.000Z,28,250
2–4 weeks,Outlaws Travel Baseball,2025-09-29T00:00:00.000Z,2025-10-18T00:00:00.000Z,19,
2–4 weeks,Georgia Tech,2025-10-05T00:00:00.000Z,2025-10-21T00:00:00.000Z,16,200
2–4 weeks,Kennesaw State University,2025-10-03T00:00:00.000Z,2025-10-22T00:00:00.000Z,19,100
2–4 weeks,Wesleyan School,2025-09-25T00:00:00.000Z,2025-10-22T00:00:00.000Z,27,220
2–4 weeks,Jack & Jill,2025-10-05T00:00:00.000Z,2025-10-25T00:00:00.000Z,20,100
2–4 weeks,Taylor Arnold Birthday Service Project,2025-10-05T00:00:00.000Z,2025-10-25T00:00:00.000Z,20,
2–4 weeks,Mosaic Design Build,2025-09-30T00:00:00.000Z,2025-10-29T00:00:00.000Z,29,200
2–4 weeks,Peachtree Church,2025-10-09T00:00:00.000Z,2025-10-29T00:00:00.000Z,20,200
2–4 weeks,Guidehouse,2025-10-05T00:00:00.000Z,2025-10-30T00:00:00.000Z,25,
1–2 months,Cox,2025-08-26T00:00:00.000Z,2025-10-01T00:00:00.000Z,36,170
1–2 months,Cox,2025-08-26T00:00:00.000Z,2025-10-01T00:00:00.000Z,36,200
1–2 months,Westminster,2025-08-29T00:00:00.000Z,2025-10-01T00:00:00.000Z,33,450
1–2 months,NCL,2025-08-31T00:00:00.000Z,2025-10-04T00:00:00.000Z,34,300
1–2 months,Compassion in Action,2025-08-31T00:00:00.000Z,2025-10-05T00:00:00.000Z,35,1300
1–2 months,Tritt Elementary,2025-08-25T00:00:00.000Z,2025-10-07T00:00:00.000Z,43,200
1–2 months,Capstone Academy,2025-08-30T00:00:00.000Z,2025-10-08T00:00:00.000Z,39,100
1–2 months,Greystone Garden Club,2025-08-31T00:00:00.000Z,2025-10-08T00:00:00.000Z,38,200
1–2 months,Marietta High School,2025-09-08T00:00:00.000Z,2025-10-09T00:00:00.000Z,31,200
1–2 months,LDS,2025-09-03T00:00:00.000Z,2025-10-11T00:00:00.000Z,38,500
1–2 months,Dacula United Methodist Church,2025-08-28T00:00:00.000Z,2025-10-18T00:00:00.000Z,51,200
1–2 months,Emory,2025-09-03T00:00:00.000Z,2025-10-18T00:00:00.000Z,45,600
1–2 months,Korean-American Community,2025-09-17T00:00:00.000Z,2025-10-26T00:00:00.000Z,39,200
1–2 months,Rotary Club,2025-09-22T00:00:00.000Z,2025-10-26T00:00:00.000Z,34,200
1–2 months,Synergis,2025-09-08T00:00:00.000Z,2025-10-29T00:00:00.000Z,51,500
request_lead_time,event,requested_date,event_date,lead_days,estimated_sandwiches
Under 2 weeks,Emory,2025-10-05T00:00:00.000Z,2025-10-05T00:00:00.000Z,0,300
Under 2 weeks,Emory,2025-10-05T00:00:00.000Z,2025-10-08T00:00:00.000Z,3,200
Under 2 weeks,NCJW,2025-10-05T00:00:00.000Z,2025-10-08T00:00:00.000Z,3,120
Under 2 weeks,Northview High School,2025-10-01T00:00:00.000Z,2025-10-08T00:00:00.000Z,7,500
Under 2 weeks,TPx,2025-10-02T00:00:00.000Z,2025-10-08T00:00:00.000Z,6,450
Under 2 weeks,Body GOALS PT,2025-10-10T00:00:00.000Z,2025-10-14T00:00:00.000Z,4,0
Under 2 weeks,Village Oaks Subdivision,2025-10-08T00:00:00.000Z,2025-10-15T00:00:00.000Z,7,100
Under 2 weeks,YMSL,2025-10-18T00:00:00.000Z,2025-10-18T00:00:00.000Z,0,400
Under 2 weeks,Christ The King School,2025-10-13T00:00:00.000Z,2025-10-22T00:00:00.000Z,9,
Under 2 weeks,Walton High School,2025-10-09T00:00:00.000Z,2025-10-22T00:00:00.000Z,13,250
Under 2 weeks,Altrusa International,2025-10-22T00:00:00.000Z,2025-10-24T00:00:00.000Z,2,500
Under 2 weeks,YMSL,2025-10-13T00:00:00.000Z,2025-10-25T00:00:00.000Z,12,220
Under 2 weeks,NCL,2025-10-20T00:00:00.000Z,2025-10-26T00:00:00.000Z,6,250
Under 2 weeks,NCL,2025-10-21T00:00:00.000Z,2025-10-29T00:00:00.000Z,8,200
2–4 weeks,Roswell Presbyterian Church,2025-09-09T00:00:00.000Z,2025-10-01T00:00:00.000Z,22,1000
2–4 weeks,The Swift School,2025-09-04T00:00:00.000Z,2025-10-01T00:00:00.000Z,27,300
2–4 weeks,CISV,2025-09-28T00:00:00.000Z,2025-10-12T00:00:00.000Z,14,200
2–4 weeks,Omega Phi Alpha at Kennesaw State University,2025-09-24T00:00:00.000Z,2025-10-13T00:00:00.000Z,19,100
2–4 weeks,Omega Phi Alpha at Kennesaw State University,2025-09-23T00:00:00.000Z,2025-10-13T00:00:00.000Z,20,
2–4 weeks,Sheraton Suites Galleria Atlanta,2025-09-30T00:00:00.000Z,2025-10-15T00:00:00.000Z,15,250
2–4 weeks,Gwinnett Youth Commission,2025-09-19T00:00:00.000Z,2025-10-17T00:00:00.000Z,28,250
2–4 weeks,Outlaws Travel Baseball,2025-09-29T00:00:00.000Z,2025-10-18T00:00:00.000Z,19,
2–4 weeks,Georgia Tech,2025-10-05T00:00:00.000Z,2025-10-21T00:00:00.000Z,16,200
2–4 weeks,Kennesaw State University,2025-10-03T00:00:00.000Z,2025-10-22T00:00:00.000Z,19,100
2–4 weeks,Wesleyan School,2025-09-25T00:00:00.000Z,2025-10-22T00:00:00.000Z,27,220
2–4 weeks,Jack & Jill,2025-10-05T00:00:00.000Z,2025-10-25T00:00:00.000Z,20,100
2–4 weeks,Taylor Arnold Birthday Service Project,2025-10-05T00:00:00.000Z,2025-10-25T00:00:00.000Z,20,
2–4 weeks,Mosaic Design Build,2025-09-30T00:00:00.000Z,2025-10-29T00:00:00.000Z,29,200
2–4 weeks,Peachtree Church,2025-10-09T00:00:00.000Z,2025-10-29T00:00:00.000Z,20,200
2–4 weeks,Guidehouse,2025-10-05T00:00:00.000Z,2025-10-30T00:00:00.000Z,25,
1–2 months,Cox,2025-08-26T00:00:00.000Z,2025-10-01T00:00:00.000Z,36,170
1–2 months,Cox,2025-08-26T00:00:00.000Z,2025-10-01T00:00:00.000Z,36,200
1–2 months,Westminster,2025-08-29T00:00:00.000Z,2025-10-01T00:00:00.000Z,33,450
1–2 months,NCL,2025-08-31T00:00:00.000Z,2025-10-04T00:00:00.000Z,34,300
1–2 months,Compassion in Action,2025-08-31T00:00:00.000Z,2025-10-05T00:00:00.000Z,35,1300
1–2 months,Tritt Elementary,2025-08-25T00:00:00.000Z,2025-10-07T00:00:00.000Z,43,200
1–2 months,Capstone Academy,2025-08-30T00:00:00.000Z,2025-10-08T00:00:00.000Z,39,100
1–2 months,Greystone Garden Club,2025-08-31T00:00:00.000Z,2025-10-08T00:00:00.000Z,38,200
1–2 months,Marietta High School,2025-09-08T00:00:00.000Z,2025-10-09T00:00:00.000Z,31,200
1–2 months,LDS,2025-09-03T00:00:00.000Z,2025-10-11T00:00:00.000Z,38,500
1–2 months,Dacula United Methodist Church,2025-08-28T00:00:00.000Z,2025-10-18T00:00:00.000Z,51,200
1–2 months,Emory,2025-09-03T00:00:00.000Z,2025-10-18T00:00:00.000Z,45,600
1–2 months,Korean-American Community,2025-09-17T00:00:00.000Z,2025-10-26T00:00:00.000Z,39,200
1–2 months,Rotary Club,2025-09-22T00:00:00.000Z,2025-10-26T00:00:00.000Z,34,200
1–2 months,Synergis,2025-09-08T00:00:00.000Z,2025-10-29T00:00:00.000Z,51,500
request_lead_time,event,requested_date,event_date,lead_days,estimated_sandwiches
Under 2 weeks,Emory,2025-10-05T00:00:00.000Z,2025-10-05T00:00:00.000Z,0,300
Under 2 weeks,Emory,2025-10-05T00:00:00.000Z,2025-10-08T00:00:00.000Z,3,200
Under 2 weeks,NCJW,2025-10-05T00:00:00.000Z,2025-10-08T00:00:00.000Z,3,120
Under 2 weeks,Northview High School,2025-10-01T00:00:00.000Z,2025-10-08T00:00:00.000Z,7,500
Under 2 weeks,TPx,2025-10-02T00:00:00.000Z,2025-10-08T00:00:00.000Z,6,450
Under 2 weeks,Body GOALS PT,2025-10-10T00:00:00.000Z,2025-10-14T00:00:00.000Z,4,0
Under 2 weeks,Village Oaks Subdivision,2025-10-08T00:00:00.000Z,2025-10-15T00:00:00.000Z,7,100
Under 2 weeks,YMSL,2025-10-18T00:00:00.000Z,2025-10-18T00:00:00.000Z,0,400
Under 2 weeks,Christ The King School,2025-10-13T00:00:00.000Z,2025-10-22T00:00:00.000Z,9,
Under 2 weeks,Walton High School,2025-10-09T00:00:00.000Z,2025-10-22T00:00:00.000Z,13,250
Under 2 weeks,Altrusa International,2025-10-22T00:00:00.000Z,2025-10-24T00:00:00.000Z,2,500
Under 2 weeks,YMSL,2025-10-13T00:00:00.000Z,2025-10-25T00:00:00.000Z,12,220
Under 2 weeks,NCL,2025-10-20T00:00:00.000Z,2025-10-26T00:00:00.000Z,6,250
Under 2 weeks,NCL,2025-10-21T00:00:00.000Z,2025-10-29T00:00:00.000Z,8,200
2–4 weeks,Roswell Presbyterian Church,2025-09-09T00:00:00.000Z,2025-10-01T00:00:00.000Z,22,1000
2–4 weeks,The Swift School,2025-09-04T00:00:00.000Z,2025-10-01T00:00:00.000Z,27,300
2–4 weeks,CISV,2025-09-28T00:00:00.000Z,2025-10-12T00:00:00.000Z,14,200
2–4 weeks,Omega Phi Alpha at Kennesaw State University,2025-09-24T00:00:00.000Z,2025-10-13T00:00:00.000Z,19,100
2–4 weeks,Omega Phi Alpha at Kennesaw State University,2025-09-23T00:00:00.000Z,2025-10-13T00:00:00.000Z,20,
2–4 weeks,Sheraton Suites Galleria Atlanta,2025-09-30T00:00:00.000Z,2025-10-15T00:00:00.000Z,15,250
2–4 weeks,Gwinnett Youth Commission,2025-09-19T00:00:00.000Z,2025-10-17T00:00:00.000Z,28,250
2–4 weeks,Outlaws Travel Baseball,2025-09-29T00:00:00.000Z,2025-10-18T00:00:00.000Z,19,
2–4 weeks,Georgia Tech,2025-10-05T00:00:00.000Z,2025-10-21T00:00:00.000Z,16,200
2–4 weeks,Kennesaw State University,2025-10-03T00:00:00.000Z,2025-10-22T00:00:00.000Z,19,100
2–4 weeks,Wesleyan School,2025-09-25T00:00:00.000Z,2025-10-22T00:00:00.000Z,27,220
2–4 weeks,Jack & Jill,2025-10-05T00:00:00.000Z,2025-10-25T00:00:00.000Z,20,100
2–4 weeks,Taylor Arnold Birthday Service Project,2025-10-05T00:00:00.000Z,2025-10-25T00:00:00.000Z,20,
2–4 weeks,Mosaic Design Build,2025-09-30T00:00:00.000Z,2025-10-29T00:00:00.000Z,29,200
2–4 weeks,Peachtree Church,2025-10-09T00:00:00.000Z,2025-10-29T00:00:00.000Z,20,200
2–4 weeks,Guidehouse,2025-10-05T00:00:00.000Z,2025-10-30T00:00:00.000Z,25,
1–2 months,Cox,2025-08-26T00:00:00.000Z,2025-10-01T00:00:00.000Z,36,170
1–2 months,Cox,2025-08-26T00:00:00.000Z,2025-10-01T00:00:00.000Z,36,200
1–2 months,Westminster,2025-08-29T00:00:00.000Z,2025-10-01T00:00:00.000Z,33,450
1–2 months,NCL,2025-08-31T00:00:00.000Z,2025-10-04T00:00:00.000Z,34,300
1–2 months,Compassion in Action,2025-08-31T00:00:00.000Z,2025-10-05T00:00:00.000Z,35,1300
1–2 months,Tritt Elementary,2025-08-25T00:00:00.000Z,2025-10-07T00:00:00.000Z,43,200
1–2 months,Capstone Academy,2025-08-30T00:00:00.000Z,2025-10-08T00:00:00.000Z,39,100
1–2 months,Greystone Garden Club,2025-08-31T00:00:00.000Z,2025-10-08T00:00:00.000Z,38,200
1–2 months,Marietta High School,2025-09-08T00:00:00.000Z,2025-10-09T00:00:00.000Z,31,200
1–2 months,LDS,2025-09-03T00:00:00.000Z,2025-10-11T00:00:00.000Z,38,500
1–2 months,Dacula United Methodist Church,2025-08-28T00:00:00.000Z,2025-10-18T00:00:00.000Z,51,200
1–2 months,Emory,2025-09-03T00:00:00.000Z,2025-10-18T00:00:00.000Z,45,600
1–2 months,Korean-American Community,2025-09-17T00:00:00.000Z,2025-10-26T00:00:00.000Z,39,200
1–2 months,Rotary Club,2025-09-22T00:00:00.000Z,2025-10-26T00:00:00.000Z,34,200
1–2 months,Synergis,2025-09-08T00:00:00.000Z,2025-10-29T00:00:00.000Z,51,500
request_lead_time,event,requested_date,event_date,lead_days,estimated_sandwiches
Under 2 weeks,Emory,2025-10-05T00:00:00.000Z,2025-10-05T00:00:00.000Z,0,300
Under 2 weeks,Emory,2025-10-05T00:00:00.000Z,2025-10-08T00:00:00.000Z,3,200
Under 2 weeks,NCJW,2025-10-05T00:00:00.000Z,2025-10-08T00:00:00.000Z,3,120
Under 2 weeks,Northview High School,2025-10-01T00:00:00.000Z,2025-10-08T00:00:00.000Z,7,500
Under 2 weeks,TPx,2025-10-02T00:00:00.000Z,2025-10-08T00:00:00.000Z,6,450
Under 2 weeks,Body GOALS PT,2025-10-10T00:00:00.000Z,2025-10-14T00:00:00.000Z,4,0
Under 2 weeks,Village Oaks Subdivision,2025-10-08T00:00:00.000Z,2025-10-15T00:00:00.000Z,7,100
Under 2 weeks,YMSL,2025-10-18T00:00:00.000Z,2025-10-18T00:00:00.000Z,0,400
Under 2 weeks,Christ The King School,2025-10-13T00:00:00.000Z,2025-10-22T00:00:00.000Z,9,
Under 2 weeks,Walton High School,2025-10-09T00:00:00.000Z,2025-10-22T00:00:00.000Z,13,250
Under 2 weeks,Altrusa International,2025-10-22T00:00:00.000Z,2025-10-24T00:00:00.000Z,2,500
Under 2 weeks,YMSL,2025-10-13T00:00:00.000Z,2025-10-25T00:00:00.000Z,12,220
Under 2 weeks,NCL,2025-10-20T00:00:00.000Z,2025-10-26T00:00:00.000Z,6,250
Under 2 weeks,NCL,2025-10-21T00:00:00.000Z,2025-10-29T00:00:00.000Z,8,200
2–4 weeks,Roswell Presbyterian Church,2025-09-09T00:00:00.000Z,2025-10-01T00:00:00.000Z,22,1000
2–4 weeks,The Swift School,2025-09-04T00:00:00.000Z,2025-10-01T00:00:00.000Z,27,300
2–4 weeks,CISV,2025-09-28T00:00:00.000Z,2025-10-12T00:00:00.000Z,14,200
2–4 weeks,Omega Phi Alpha at Kennesaw State University,2025-09-24T00:00:00.000Z,2025-10-13T00:00:00.000Z,19,100
2–4 weeks,Omega Phi Alpha at Kennesaw State University,2025-09-23T00:00:00.000Z,2025-10-13T00:00:00.000Z,20,
2–4 weeks,Sheraton Suites Galleria Atlanta,2025-09-30T00:00:00.000Z,2025-10-15T00:00:00.000Z,15,250
2–4 weeks,Gwinnett Youth Commission,2025-09-19T00:00:00.000Z,2025-10-17T00:00:00.000Z,28,250
2–4 weeks,Outlaws Travel Baseball,2025-09-29T00:00:00.000Z,2025-10-18T00:00:00.000Z,19,
2–4 weeks,Georgia Tech,2025-10-05T00:00:00.000Z,2025-10-21T00:00:00.000Z,16,200
2–4 weeks,Kennesaw State University,2025-10-03T00:00:00.000Z,2025-10-22T00:00:00.000Z,19,100
2–4 weeks,Wesleyan School,2025-09-25T00:00:00.000Z,2025-10-22T00:00:00.000Z,27,220
2–4 weeks,Jack & Jill,2025-10-05T00:00:00.000Z,2025-10-25T00:00:00.000Z,20,100
2–4 weeks,Taylor Arnold Birthday Service Project,2025-10-05T00:00:00.000Z,2025-10-25T00:00:00.000Z,20,
2–4 weeks,Mosaic Design Build,2025-09-30T00:00:00.000Z,2025-10-29T00:00:00.000Z,29,200
2–4 weeks,Peachtree Church,2025-10-09T00:00:00.000Z,2025-10-29T00:00:00.000Z,20,200
2–4 weeks,Guidehouse,2025-10-05T00:00:00.000Z,2025-10-30T00:00:00.000Z,25,
1–2 months,Cox,2025-08-26T00:00:00.000Z,2025-10-01T00:00:00.000Z,36,170
1–2 months,Cox,2025-08-26T00:00:00.000Z,2025-10-01T00:00:00.000Z,36,200
1–2 months,Westminster,2025-08-29T00:00:00.000Z,2025-10-01T00:00:00.000Z,33,450
1–2 months,NCL,2025-08-31T00:00:00.000Z,2025-10-04T00:00:00.000Z,34,300
1–2 months,Compassion in Action,2025-08-31T00:00:00.000Z,2025-10-05T00:00:00.000Z,35,1300
1–2 months,Tritt Elementary,2025-08-25T00:00:00.000Z,2025-10-07T00:00:00.000Z,43,200
1–2 months,Capstone Academy,2025-08-30T00:00:00.000Z,2025-10-08T00:00:00.000Z,39,100
1–2 months,Greystone Garden Club,2025-08-31T00:00:00.000Z,2025-10-08T00:00:00.000Z,38,200
1–2 months,Marietta High School,2025-09-08T00:00:00.000Z,2025-10-09T00:00:00.000Z,31,200
1–2 months,LDS,2025-09-03T00:00:00.000Z,2025-10-11T00:00:00.000Z,38,500
1–2 months,Dacula United Methodist Church,2025-08-28T00:00:00.000Z,2025-10-18T00:00:00.000Z,51,200
1–2 months,Emory,2025-09-03T00:00:00.000Z,2025-10-18T00:00:00.000Z,45,600
1–2 months,Korean-American Community,2025-09-17T00:00:00.000Z,2025-10-26T00:00:00.000Z,39,200
1–2 months,Rotary Club,2025-09-22T00:00:00.000Z,2025-10-26T00:00:00.000Z,34,200
1–2 months,Synergis,2025-09-08T00:00:00.000Z,2025-10-29T00:00:00.000Z,51,500
request_lead_time,event,requested_date,event_date,lead_days,estimated_sandwiches
Under 2 weeks,Emory,2025-10-05T00:00:00.000Z,2025-10-05T00:00:00.000Z,0,300
Under 2 weeks,Emory,2025-10-05T00:00:00.000Z,2025-10-08T00:00:00.000Z,3,200
Under 2 weeks,NCJW,2025-10-05T00:00:00.000Z,2025-10-08T00:00:00.000Z,3,120
Under 2 weeks,Northview High School,2025-10-01T00:00:00.000Z,2025-10-08T00:00:00.000Z,7,500
Under 2 weeks,TPx,2025-10-02T00:00:00.000Z,2025-10-08T00:00:00.000Z,6,450
Under 2 weeks,Body GOALS PT,2025-10-10T00:00:00.000Z,2025-10-14T00:00:00.000Z,4,0
Under 2 weeks,Village Oaks Subdivision,2025-10-08T00:00:00.000Z,2025-10-15T00:00:00.000Z,7,100
Under 2 weeks,YMSL,2025-10-18T00:00:00.000Z,2025-10-18T00:00:00.000Z,0,400
Under 2 weeks,Christ The King School,2025-10-13T00:00:00.000Z,2025-10-22T00:00:00.000Z,9,
Under 2 weeks,Walton High School,2025-10-09T00:00:00.000Z,2025-10-22T00:00:00.000Z,13,250
Under 2 weeks,Altrusa International,2025-10-22T00:00:00.000Z,2025-10-24T00:00:00.000Z,2,500
Under 2 weeks,YMSL,2025-10-13T00:00:00.000Z,2025-10-25T00:00:00.000Z,12,220
Under 2 weeks,NCL,2025-10-20T00:00:00.000Z,2025-10-26T00:00:00.000Z,6,250
Under 2 weeks,NCL,2025-10-21T00:00:00.000Z,2025-10-29T00:00:00.000Z,8,200
2–4 weeks,Roswell Presbyterian Church,2025-09-09T00:00:00.000Z,2025-10-01T00:00:00.000Z,22,1000
2–4 weeks,The Swift School,2025-09-04T00:00:00.000Z,2025-10-01T00:00:00.000Z,27,300
2–4 weeks,CISV,2025-09-28T00:00:00.000Z,2025-10-12T00:00:00.000Z,14,200
2–4 weeks,Omega Phi Alpha at Kennesaw State University,2025-09-24T00:00:00.000Z,2025-10-13T00:00:00.000Z,19,100
2–4 weeks,Omega Phi Alpha at Kennesaw State University,2025-09-23T00:00:00.000Z,2025-10-13T00:00:00.000Z,20,
2–4 weeks,Sheraton Suites Galleria Atlanta,2025-09-30T00:00:00.000Z,2025-10-15T00:00:00.000Z,15,250
2–4 weeks,Gwinnett Youth Commission,2025-09-19T00:00:00.000Z,2025-10-17T00:00:00.000Z,28,250
2–4 weeks,Outlaws Travel Baseball,2025-09-29T00:00:00.000Z,2025-10-18T00:00:00.000Z,19,
2–4 weeks,Georgia Tech,2025-10-05T00:00:00.000Z,2025-10-21T00:00:00.000Z,16,200
2–4 weeks,Kennesaw State University,2025-10-03T00:00:00.000Z,2025-10-22T00:00:00.000Z,19,100
2–4 weeks,Wesleyan School,2025-09-25T00:00:00.000Z,2025-10-22T00:00:00.000Z,27,220
2–4 weeks,Jack & Jill,2025-10-05T00:00:00.000Z,2025-10-25T00:00:00.000Z,20,100
2–4 weeks,Taylor Arnold Birthday Service Project,2025-10-05T00:00:00.000Z,2025-10-25T00:00:00.000Z,20,
2–4 weeks,Mosaic Design Build,2025-09-30T00:00:00.000Z,2025-10-29T00:00:00.000Z,29,200
2–4 weeks,Peachtree Church,2025-10-09T00:00:00.000Z,2025-10-29T00:00:00.000Z,20,200
2–4 weeks,Guidehouse,2025-10-05T00:00:00.000Z,2025-10-30T00:00:00.000Z,25,
1–2 months,Cox,2025-08-26T00:00:00.000Z,2025-10-01T00:00:00.000Z,36,170
1–2 months,Cox,2025-08-26T00:00:00.000Z,2025-10-01T00:00:00.000Z,36,200
1–2 months,Westminster,2025-08-29T00:00:00.000Z,2025-10-01T00:00:00.000Z,33,450
1–2 months,NCL,2025-08-31T00:00:00.000Z,2025-10-04T00:00:00.000Z,34,300
1–2 months,Compassion in Action,2025-08-31T00:00:00.000Z,2025-10-05T00:00:00.000Z,35,1300
1–2 months,Tritt Elementary,2025-08-25T00:00:00.000Z,2025-10-07T00:00:00.000Z,43,200
1–2 months,Capstone Academy,2025-08-30T00:00:00.000Z,2025-10-08T00:00:00.000Z,39,100
1–2 months,Greystone Garden Club,2025-08-31T00:00:00.000Z,2025-10-08T00:00:00.000Z,38,200
1–2 months,Marietta High School,2025-09-08T00:00:00.000Z,2025-10-09T00:00:00.000Z,31,200
1–2 months,LDS,2025-09-03T00:00:00.000Z,2025-10-11T00:00:00.000Z,38,500
1–2 months,Dacula United Methodist Church,2025-08-28T00:00:00.000Z,2025-10-18T00:00:00.000Z,51,200
1–2 months,Emory,2025-09-03T00:00:00.000Z,2025-10-18T00:00:00.000Z,45,600
1–2 months,Korean-American Community,2025-09-17T00:00:00.000Z,2025-10-26T00:00:00.000Z,39,200
1–2 months,Rotary Club,2025-09-22T00:00:00.000Z,2025-10-26T00:00:00.000Z,34,200
1–2 months,Synergis,2025-09-08T00:00:00.000Z,2025-10-29T00:00:00.000Z,51,500
request_lead_time,event,requested_date,event_date,lead_days,estimated_sandwiches
Under 2 weeks,Emory,2025-10-05T00:00:00.000Z,2025-10-05T00:00:00.000Z,0,300
Under 2 weeks,Emory,2025-10-05T00:00:00.000Z,2025-10-08T00:00:00.000Z,3,200
Under 2 weeks,NCJW,2025-10-05T00:00:00.000Z,2025-10-08T00:00:00.000Z,3,120
Under 2 weeks,Northview High School,2025-10-01T00:00:00.000Z,2025-10-08T00:00:00.000Z,7,500
Under 2 weeks,TPx,2025-10-02T00:00:00.000Z,2025-10-08T00:00:00.000Z,6,450
Under 2 weeks,Body GOALS PT,2025-10-10T00:00:00.000Z,2025-10-14T00:00:00.000Z,4,0
Under 2 weeks,Village Oaks Subdivision,2025-10-08T00:00:00.000Z,2025-10-15T00:00:00.000Z,7,100
Under 2 weeks,YMSL,2025-10-18T00:00:00.000Z,2025-10-18T00:00:00.000Z,0,400
Under 2 weeks,Christ The King School,2025-10-13T00:00:00.000Z,2025-10-22T00:00:00.000Z,9,
Under 2 weeks,Walton High School,2025-10-09T00:00:00.000Z,2025-10-22T00:00:00.000Z,13,250
Under 2 weeks,Altrusa International,2025-10-22T00:00:00.000Z,2025-10-24T00:00:00.000Z,2,500
Under 2 weeks,YMSL,2025-10-13T00:00:00.000Z,2025-10-25T00:00:00.000Z,12,220
Under 2 weeks,NCL,2025-10-20T00:00:00.000Z,2025-10-26T00:00:00.000Z,6,250
Under 2 weeks,NCL,2025-10-21T00:00:00.000Z,2025-10-29T00:00:00.000Z,8,200
2–4 weeks,Roswell Presbyterian Church,2025-09-09T00:00:00.000Z,2025-10-01T00:00:00.000Z,22,1000
2–4 weeks,The Swift School,2025-09-04T00:00:00.000Z,2025-10-01T00:00:00.000Z,27,300
2–4 weeks,CISV,2025-09-28T00:00:00.000Z,2025-10-12T00:00:00.000Z,14,200
2–4 weeks,Omega Phi Alpha at Kennesaw State University,2025-09-24T00:00:00.000Z,2025-10-13T00:00:00.000Z,19,100
2–4 weeks,Omega Phi Alpha at Kennesaw State University,2025-09-23T00:00:00.000Z,2025-10-13T00:00:00.000Z,20,
2–4 weeks,Sheraton Suites Galleria Atlanta,2025-09-30T00:00:00.000Z,2025-10-15T00:00:00.000Z,15,250
2–4 weeks,Gwinnett Youth Commission,2025-09-19T00:00:00.000Z,2025-10-17T00:00:00.000Z,28,250
2–4 weeks,Outlaws Travel Baseball,2025-09-29T00:00:00.000Z,2025-10-18T00:00:00.000Z,19,
2–4 weeks,Georgia Tech,2025-10-05T00:00:00.000Z,2025-10-21T00:00:00.000Z,16,200
2–4 weeks,Kennesaw State University,2025-10-03T00:00:00.000Z,2025-10-22T00:00:00.000Z,19,100
2–4 weeks,Wesleyan School,2025-09-25T00:00:00.000Z,2025-10-22T00:00:00.000Z,27,220
2–4 weeks,Jack & Jill,2025-10-05T00:00:00.000Z,2025-10-25T00:00:00.000Z,20,100
2–4 weeks,Taylor Arnold Birthday Service Project,2025-10-05T00:00:00.000Z,2025-10-25T00:00:00.000Z,20,
2–4 weeks,Mosaic Design Build,2025-09-30T00:00:00.000Z,2025-10-29T00:00:00.000Z,29,200
2–4 weeks,Peachtree Church,2025-10-09T00:00:00.000Z,2025-10-29T00:00:00.000Z,20,200
2–4 weeks,Guidehouse,2025-10-05T00:00:00.000Z,2025-10-30T00:00:00.000Z,25,
1–2 months,Cox,2025-08-26T00:00:00.000Z,2025-10-01T00:00:00.000Z,36,170
1–2 months,Cox,2025-08-26T00:00:00.000Z,2025-10-01T00:00:00.000Z,36,200
1–2 months,Westminster,2025-08-29T00:00:00.000Z,2025-10-01T00:00:00.000Z,33,450
1–2 months,NCL,2025-08-31T00:00:00.000Z,2025-10-04T00:00:00.000Z,34,300
1–2 months,Compassion in Action,2025-08-31T00:00:00.000Z,2025-10-05T00:00:00.000Z,35,1300
1–2 months,Tritt Elementary,2025-08-25T00:00:00.000Z,2025-10-07T00:00:00.000Z,43,200
1–2 months,Capstone Academy,2025-08-30T00:00:00.000Z,2025-10-08T00:00:00.000Z,39,100
1–2 months,Greystone Garden Club,2025-08-31T00:00:00.000Z,2025-10-08T00:00:00.000Z,38,200
1–2 months,Marietta High School,2025-09-08T00:00:00.000Z,2025-10-09T00:00:00.000Z,31,200
1–2 months,LDS,2025-09-03T00:00:00.000Z,2025-10-11T00:00:00.000Z,38,500
1–2 months,Dacula United Methodist Church,2025-08-28T00:00:00.000Z,2025-10-18T00:00:00.000Z,51,200
1–2 months,Emory,2025-09-03T00:00:00.000Z,2025-10-18T00:00:00.000Z,45,600
1–2 months,Korean-American Community,2025-09-17T00:00:00.000Z,2025-10-26T00:00:00.000Z,39,200
1–2 months,Rotary Club,2025-09-22T00:00:00.000Z,2025-10-26T00:00:00.000Z,34,200
1–2 months,Synergis,2025-09-08T00:00:00.000Z,2025-10-29T00:00:00.000Z,51,500
request_lead_time,event,requested_date,event_date,lead_days,estimated_sandwiches
Under 2 weeks,Emory,2025-10-05T00:00:00.000Z,2025-10-05T00:00:00.000Z,0,300
Under 2 weeks,Emory,2025-10-05T00:00:00.000Z,2025-10-08T00:00:00.000Z,3,200
Under 2 weeks,NCJW,2025-10-05T00:00:00.000Z,2025-10-08T00:00:00.000Z,3,120
Under 2 weeks,Northview High School,2025-10-01T00:00:00.000Z,2025-10-08T00:00:00.000Z,7,500
Under 2 weeks,TPx,2025-10-02T00:00:00.000Z,2025-10-08T00:00:00.000Z,6,450
Under 2 weeks,Body GOALS PT,2025-10-10T00:00:00.000Z,2025-10-14T00:00:00.000Z,4,0
Under 2 weeks,Village Oaks Subdivision,2025-10-08T00:00:00.000Z,2025-10-15T00:00:00.000Z,7,100
Under 2 weeks,YMSL,2025-10-18T00:00:00.000Z,2025-10-18T00:00:00.000Z,0,400
Under 2 weeks,Christ The King School,2025-10-13T00:00:00.000Z,2025-10-22T00:00:00.000Z,9,
Under 2 weeks,Walton High School,2025-10-09T00:00:00.000Z,2025-10-22T00:00:00.000Z,13,250
Under 2 weeks,Altrusa International,2025-10-22T00:00:00.000Z,2025-10-24T00:00:00.000Z,2,500
Under 2 weeks,YMSL,2025-10-13T00:00:00.000Z,2025-10-25T00:00:00.000Z,12,220
Under 2 weeks,NCL,2025-10-20T00:00:00.000Z,2025-10-26T00:00:00.000Z,6,250
Under 2 weeks,NCL,2025-10-21T00:00:00.000Z,2025-10-29T00:00:00.000Z,8,200
2–4 weeks,Roswell Presbyterian Church,2025-09-09T00:00:00.000Z,2025-10-01T00:00:00.000Z,22,1000
2–4 weeks,The Swift School,2025-09-04T00:00:00.000Z,2025-10-01T00:00:00.000Z,27,300
2–4 weeks,CISV,2025-09-28T00:00:00.000Z,2025-10-12T00:00:00.000Z,14,200
2–4 weeks,Omega Phi Alpha at Kennesaw State University,2025-09-24T00:00:00.000Z,2025-10-13T00:00:00.000Z,19,100
2–4 weeks,Omega Phi Alpha at Kennesaw State University,2025-09-23T00:00:00.000Z,2025-10-13T00:00:00.000Z,20,
2–4 weeks,Sheraton Suites Galleria Atlanta,2025-09-30T00:00:00.000Z,2025-10-15T00:00:00.000Z,15,250
2–4 weeks,Gwinnett Youth Commission,2025-09-19T00:00:00.000Z,2025-10-17T00:00:00.000Z,28,250
2–4 weeks,Outlaws Travel Baseball,2025-09-29T00:00:00.000Z,2025-10-18T00:00:00.000Z,19,
2–4 weeks,Georgia Tech,2025-10-05T00:00:00.000Z,2025-10-21T00:00:00.000Z,16,200
2–4 weeks,Kennesaw State University,2025-10-03T00:00:00.000Z,2025-10-22T00:00:00.000Z,19,100
2–4 weeks,Wesleyan School,2025-09-25T00:00:00.000Z,2025-10-22T00:00:00.000Z,27,220
2–4 weeks,Jack & Jill,2025-10-05T00:00:00.000Z,2025-10-25T00:00:00.000Z,20,100
2–4 weeks,Taylor Arnold Birthday Service Project,2025-10-05T00:00:00.000Z,2025-10-25T00:00:00.000Z,20,
2–4 weeks,Mosaic Design Build,2025-09-30T00:00:00.000Z,2025-10-29T00:00:00.000Z,29,200
2–4 weeks,Peachtree Church,2025-10-09T00:00:00.000Z,2025-10-29T00:00:00.000Z,20,200
2–4 weeks,Guidehouse,2025-10-05T00:00:00.000Z,2025-10-30T00:00:00.000Z,25,
1–2 months,Cox,2025-08-26T00:00:00.000Z,2025-10-01T00:00:00.000Z,36,170
1–2 months,Cox,2025-08-26T00:00:00.000Z,2025-10-01T00:00:00.000Z,36,200
1–2 months,Westminster,2025-08-29T00:00:00.000Z,2025-10-01T00:00:00.000Z,33,450
1–2 months,NCL,2025-08-31T00:00:00.000Z,2025-10-04T00:00:00.000Z,34,300
1–2 months,Compassion in Action,2025-08-31T00:00:00.000Z,2025-10-05T00:00:00.000Z,35,1300
1–2 months,Tritt Elementary,2025-08-25T00:00:00.000Z,2025-10-07T00:00:00.000Z,43,200
1–2 months,Capstone Academy,2025-08-30T00:00:00.000Z,2025-10-08T00:00:00.000Z,39,100
1–2 months,Greystone Garden Club,2025-08-31T00:00:00.000Z,2025-10-08T00:00:00.000Z,38,200
1–2 months,Marietta High School,2025-09-08T00:00:00.000Z,2025-10-09T00:00:00.000Z,31,200
1–2 months,LDS,2025-09-03T00:00:00.000Z,2025-10-11T00:00:00.000Z,38,500
1–2 months,Dacula United Methodist Church,2025-08-28T00:00:00.000Z,2025-10-18T00:00:00.000Z,51,200
1–2 months,Emory,2025-09-03T00:00:00.000Z,2025-10-18T00:00:00.000Z,45,600
1–2 months,Korean-American Community,2025-09-17T00:00:00.000Z,2025-10-26T00:00:00.000Z,39,200
1–2 months,Rotary Club,2025-09-22T00:00:00.000Z,2025-10-26T00:00:00.000Z,34,200
1–2 months,Synergis,2025-09-08T00:00:00.000Z,2025-10-29T00:00:00.000Z,51,500
request_lead_time,event,requested_date,event_date,lead_days,estimated_sandwiches
Under 2 weeks,Emory,2025-10-05T00:00:00.000Z,2025-10-05T00:00:00.000Z,0,300
Under 2 weeks,Emory,2025-10-05T00:00:00.000Z,2025-10-08T00:00:00.000Z,3,200
Under 2 weeks,NCJW,2025-10-05T00:00:00.000Z,2025-10-08T00:00:00.000Z,3,120
Under 2 weeks,Northview High School,2025-10-01T00:00:00.000Z,2025-10-08T00:00:00.000Z,7,500
Under 2 weeks,TPx,2025-10-02T00:00:00.000Z,2025-10-08T00:00:00.000Z,6,450
Under 2 weeks,Body GOALS PT,2025-10-10T00:00:00.000Z,2025-10-14T00:00:00.000Z,4,0
Under 2 weeks,Village Oaks Subdivision,2025-10-08T00:00:00.000Z,2025-10-15T00:00:00.000Z,7,100
Under 2 weeks,YMSL,2025-10-18T00:00:00.000Z,2025-10-18T00:00:00.000Z,0,400
Under 2 weeks,Christ The King School,2025-10-13T00:00:00.000Z,2025-10-22T00:00:00.000Z,9,
Under 2 weeks,Walton High School,2025-10-09T00:00:00.000Z,2025-10-22T00:00:00.000Z,13,250
Under 2 weeks,Altrusa International,2025-10-22T00:00:00.000Z,2025-10-24T00:00:00.000Z,2,500
Under 2 weeks,YMSL,2025-10-13T00:00:00.000Z,2025-10-25T00:00:00.000Z,12,220
Under 2 weeks,NCL,2025-10-20T00:00:00.000Z,2025-10-26T00:00:00.000Z,6,250
Under 2 weeks,NCL,2025-10-21T00:00:00.000Z,2025-10-29T00:00:00.000Z,8,200
2–4 weeks,Roswell Presbyterian Church,2025-09-09T00:00:00.000Z,2025-10-01T00:00:00.000Z,22,1000
2–4 weeks,The Swift School,2025-09-04T00:00:00.000Z,2025-10-01T00:00:00.000Z,27,300
2–4 weeks,CISV,2025-09-28T00:00:00.000Z,2025-10-12T00:00:00.000Z,14,200
2–4 weeks,Omega Phi Alpha at Kennesaw State University,2025-09-24T00:00:00.000Z,2025-10-13T00:00:00.000Z,19,100
2–4 weeks,Omega Phi Alpha at Kennesaw State University,2025-09-23T00:00:00.000Z,2025-10-13T00:00:00.000Z,20,
2–4 weeks,Sheraton Suites Galleria Atlanta,2025-09-30T00:00:00.000Z,2025-10-15T00:00:00.000Z,15,250
2–4 weeks,Gwinnett Youth Commission,2025-09-19T00:00:00.000Z,2025-10-17T00:00:00.000Z,28,250
2–4 weeks,Outlaws Travel Baseball,2025-09-29T00:00:00.000Z,2025-10-18T00:00:00.000Z,19,
2–4 weeks,Georgia Tech,2025-10-05T00:00:00.000Z,2025-10-21T00:00:00.000Z,16,200
2–4 weeks,Kennesaw State University,2025-10-03T00:00:00.000Z,2025-10-22T00:00:00.000Z,19,100
2–4 weeks,Wesleyan School,2025-09-25T00:00:00.000Z,2025-10-22T00:00:00.000Z,27,220
2–4 weeks,Jack & Jill,2025-10-05T00:00:00.000Z,2025-10-25T00:00:00.000Z,20,100
2–4 weeks,Taylor Arnold Birthday Service Project,2025-10-05T00:00:00.000Z,2025-10-25T00:00:00.000Z,20,
2–4 weeks,Mosaic Design Build,2025-09-30T00:00:00.000Z,2025-10-29T00:00:00.000Z,29,200
2–4 weeks,Peachtree Church,2025-10-09T00:00:00.000Z,2025-10-29T00:00:00.000Z,20,200
2–4 weeks,Guidehouse,2025-10-05T00:00:00.000Z,2025-10-30T00:00:00.000Z,25,
1–2 months,Cox,2025-08-26T00:00:00.000Z,2025-10-01T00:00:00.000Z,36,170
1–2 months,Cox,2025-08-26T00:00:00.000Z,2025-10-01T00:00:00.000Z,36,200
1–2 months,Westminster,2025-08-29T00:00:00.000Z,2025-10-01T00:00:00.000Z,33,450
1–2 months,NCL,2025-08-31T00:00:00.000Z,2025-10-04T00:00:00.000Z,34,300
1–2 months,Compassion in Action,2025-08-31T00:00:00.000Z,2025-10-05T00:00:00.000Z,35,1300
1–2 months,Tritt Elementary,2025-08-25T00:00:00.000Z,2025-10-07T00:00:00.000Z,43,200
1–2 months,Capstone Academy,2025-08-30T00:00:00.000Z,2025-10-08T00:00:00.000Z,39,100
1–2 months,Greystone Garden Club,2025-08-31T00:00:00.000Z,2025-10-08T00:00:00.000Z,38,200
1–2 months,Marietta High School,2025-09-08T00:00:00.000Z,2025-10-09T00:00:00.000Z,31,200
1–2 months,LDS,2025-09-03T00:00:00.000Z,2025-10-11T00:00:00.000Z,38,500
1–2 months,Dacula United Methodist Church,2025-08-28T00:00:00.000Z,2025-10-18T00:00:00.000Z,51,200
1–2 months,Emory,2025-09-03T00:00:00.000Z,2025-10-18T00:00:00.000Z,45,600
1–2 months,Korean-American Community,2025-09-17T00:00:00.000Z,2025-10-26T00:00:00.000Z,39,200
1–2 months,Rotary Club,2025-09-22T00:00:00.000Z,2025-10-26T00:00:00.000Z,34,200
1–2 months,Synergis,2025-09-08T00:00:00.000Z,2025-10-29T00:00:00.000Z,51,500
request_lead_time,event,requested_date,event_date,lead_days,estimated_sandwiches
Under 2 weeks,Emory,2025-10-05T00:00:00.000Z,2025-10-05T00:00:00.000Z,0,300
Under 2 weeks,Emory,2025-10-05T00:00:00.000Z,2025-10-08T00:00:00.000Z,3,200
Under 2 weeks,NCJW,2025-10-05T00:00:00.000Z,2025-10-08T00:00:00.000Z,3,120
Under 2 weeks,Northview High School,2025-10-01T00:00:00.000Z,2025-10-08T00:00:00.000Z,7,500
Under 2 weeks,TPx,2025-10-02T00:00:00.000Z,2025-10-08T00:00:00.000Z,6,450
Under 2 weeks,Body GOALS PT,2025-10-10T00:00:00.000Z,2025-10-14T00:00:00.000Z,4,0
Under 2 weeks,Village Oaks Subdivision,2025-10-08T00:00:00.000Z,2025-10-15T00:00:00.000Z,7,100
Under 2 weeks,YMSL,2025-10-18T00:00:00.000Z,2025-10-18T00:00:00.000Z,0,400
Under 2 weeks,Christ The King School,2025-10-13T00:00:00.000Z,2025-10-22T00:00:00.000Z,9,
Under 2 weeks,Walton High School,2025-10-09T00:00:00.000Z,2025-10-22T00:00:00.000Z,13,250
Under 2 weeks,Altrusa International,2025-10-22T00:00:00.000Z,2025-10-24T00:00:00.000Z,2,500
Under 2 weeks,YMSL,2025-10-13T00:00:00.000Z,2025-10-25T00:00:00.000Z,12,220
Under 2 weeks,NCL,2025-10-20T00:00:00.000Z,2025-10-26T00:00:00.000Z,6,250
Under 2 weeks,NCL,2025-10-21T00:00:00.000Z,2025-10-29T00:00:00.000Z,8,200
2–4 weeks,Roswell Presbyterian Church,2025-09-09T00:00:00.000Z,2025-10-01T00:00:00.000Z,22,1000
2–4 weeks,The Swift School,2025-09-04T00:00:00.000Z,2025-10-01T00:00:00.000Z,27,300
2–4 weeks,CISV,2025-09-28T00:00:00.000Z,2025-10-12T00:00:00.000Z,14,200
2–4 weeks,Omega Phi Alpha at Kennesaw State University,2025-09-24T00:00:00.000Z,2025-10-13T00:00:00.000Z,19,100
2–4 weeks,Omega Phi Alpha at Kennesaw State University,2025-09-23T00:00:00.000Z,2025-10-13T00:00:00.000Z,20,
2–4 weeks,Sheraton Suites Galleria Atlanta,2025-09-30T00:00:00.000Z,2025-10-15T00:00:00.000Z,15,250
2–4 weeks,Gwinnett Youth Commission,2025-09-19T00:00:00.000Z,2025-10-17T00:00:00.000Z,28,250
2–4 weeks,Outlaws Travel Baseball,2025-09-29T00:00:00.000Z,2025-10-18T00:00:00.000Z,19,
2–4 weeks,Georgia Tech,2025-10-05T00:00:00.000Z,2025-10-21T00:00:00.000Z,16,200
2–4 weeks,Kennesaw State University,2025-10-03T00:00:00.000Z,2025-10-22T00:00:00.000Z,19,100
2–4 weeks,Wesleyan School,2025-09-25T00:00:00.000Z,2025-10-22T00:00:00.000Z,27,220
2–4 weeks,Jack & Jill,2025-10-05T00:00:00.000Z,2025-10-25T00:00:00.000Z,20,100
2–4 weeks,Taylor Arnold Birthday Service Project,2025-10-05T00:00:00.000Z,2025-10-25T00:00:00.000Z,20,
2–4 weeks,Mosaic Design Build,2025-09-30T00:00:00.000Z,2025-10-29T00:00:00.000Z,29,200
2–4 weeks,Peachtree Church,2025-10-09T00:00:00.000Z,2025-10-29T00:00:00.000Z,20,200
2–4 weeks,Guidehouse,2025-10-05T00:00:00.000Z,2025-10-30T00:00:00.000Z,25,
1–2 months,Cox,2025-08-26T00:00:00.000Z,2025-10-01T00:00:00.000Z,36,170
1–2 months,Cox,2025-08-26T00:00:00.000Z,2025-10-01T00:00:00.000Z,36,200
1–2 months,Westminster,2025-08-29T00:00:00.000Z,2025-10-01T00:00:00.000Z,33,450
1–2 months,NCL,2025-08-31T00:00:00.000Z,2025-10-04T00:00:00.000Z,34,300
1–2 months,Compassion in Action,2025-08-31T00:00:00.000Z,2025-10-05T00:00:00.000Z,35,1300
1–2 months,Tritt Elementary,2025-08-25T00:00:00.000Z,2025-10-07T00:00:00.000Z,43,200
1–2 months,Capstone Academy,2025-08-30T00:00:00.000Z,2025-10-08T00:00:00.000Z,39,100
1–2 months,Greystone Garden Club,2025-08-31T00:00:00.000Z,2025-10-08T00:00:00.000Z,38,200
1–2 months,Marietta High School,2025-09-08T00:00:00.000Z,2025-10-09T00:00:00.000Z,31,200
1–2 months,LDS,2025-09-03T00:00:00.000Z,2025-10-11T00:00:00.000Z,38,500
1–2 months,Dacula United Methodist Church,2025-08-28T00:00:00.000Z,2025-10-18T00:00:00.000Z,51,200
1–2 months,Emory,2025-09-03T00:00:00.000Z,2025-10-18T00:00:00.000Z,45,600
1–2 months,Korean-American Community,2025-09-17T00:00:00.000Z,2025-10-26T00:00:00.000Z,39,200
1–2 months,Rotary Club,2025-09-22T00:00:00.000Z,2025-10-26T00:00:00.000Z,34,200
1–2 months,Synergis,2025-09-08T00:00:00.000Z,2025-10-29T00:00:00.000Z,51,500
request_lead_time,event,requested_date,event_date,lead_days,estimated_sandwiches
Under 2 weeks,Emory,2025-10-05T00:00:00.000Z,2025-10-05T00:00:00.000Z,0,300
Under 2 weeks,Emory,2025-10-05T00:00:00.000Z,2025-10-08T00:00:00.000Z,3,200
Under 2 weeks,NCJW,2025-10-05T00:00:00.000Z,2025-10-08T00:00:00.000Z,3,120
Under 2 weeks,Northview High School,2025-10-01T00:00:00.000Z,2025-10-08T00:00:00.000Z,7,500
Under 2 weeks,TPx,2025-10-02T00:00:00.000Z,2025-10-08T00:00:00.000Z,6,450
Under 2 weeks,Body GOALS PT,2025-10-10T00:00:00.000Z,2025-10-14T00:00:00.000Z,4,0
Under 2 weeks,Village Oaks Subdivision,2025-10-08T00:00:00.000Z,2025-10-15T00:00:00.000Z,7,100
Under 2 weeks,YMSL,2025-10-18T00:00:00.000Z,2025-10-18T00:00:00.000Z,0,400
Under 2 weeks,Christ The King School,2025-10-13T00:00:00.000Z,2025-10-22T00:00:00.000Z,9,
Under 2 weeks,Walton High School,2025-10-09T00:00:00.000Z,2025-10-22T00:00:00.000Z,13,250
Under 2 weeks,Altrusa International,2025-10-22T00:00:00.000Z,2025-10-24T00:00:00.000Z,2,500
Under 2 weeks,YMSL,2025-10-13T00:00:00.000Z,2025-10-25T00:00:00.000Z,12,220
Under 2 weeks,NCL,2025-10-20T00:00:00.000Z,2025-10-26T00:00:00.000Z,6,250
Under 2 weeks,NCL,2025-10-21T00:00:00.000Z,2025-10-29T00:00:00.000Z,8,200
2–4 weeks,Roswell Presbyterian Church,2025-09-09T00:00:00.000Z,2025-10-01T00:00:00.000Z,22,1000
2–4 weeks,The Swift School,2025-09-04T00:00:00.000Z,2025-10-01T00:00:00.000Z,27,300
2–4 weeks,CISV,2025-09-28T00:00:00.000Z,2025-10-12T00:00:00.000Z,14,200
2–4 weeks,Omega Phi Alpha at Kennesaw State University,2025-09-24T00:00:00.000Z,2025-10-13T00:00:00.000Z,19,100
2–4 weeks,Omega Phi Alpha at Kennesaw State University,2025-09-23T00:00:00.000Z,2025-10-13T00:00:00.000Z,20,
2–4 weeks,Sheraton Suites Galleria Atlanta,2025-09-30T00:00:00.000Z,2025-10-15T00:00:00.000Z,15,250
2–4 weeks,Gwinnett Youth Commission,2025-09-19T00:00:00.000Z,2025-10-17T00:00:00.000Z,28,250
2–4 weeks,Outlaws Travel Baseball,2025-09-29T00:00:00.000Z,2025-10-18T00:00:00.000Z,19,
2–4 weeks,Georgia Tech,2025-10-05T00:00:00.000Z,2025-10-21T00:00:00.000Z,16,200
2–4 weeks,Kennesaw State University,2025-10-03T00:00:00.000Z,2025-10-22T00:00:00.000Z,19,100
2–4 weeks,Wesleyan School,2025-09-25T00:00:00.000Z,2025-10-22T00:00:00.000Z,27,220
2–4 weeks,Jack & Jill,2025-10-05T00:00:00.000Z,2025-10-25T00:00:00.000Z,20,100
2–4 weeks,Taylor Arnold Birthday Service Project,2025-10-05T00:00:00.000Z,2025-10-25T00:00:00.000Z,20,
2–4 weeks,Mosaic Design Build,2025-09-30T00:00:00.000Z,2025-10-29T00:00:00.000Z,29,200
2–4 weeks,Peachtree Church,2025-10-09T00:00:00.000Z,2025-10-29T00:00:00.000Z,20,200
2–4 weeks,Guidehouse,2025-10-05T00:00:00.000Z,2025-10-30T00:00:00.000Z,25,
1–2 months,Cox,2025-08-26T00:00:00.000Z,2025-10-01T00:00:00.000Z,36,170
1–2 months,Cox,2025-08-26T00:00:00.000Z,2025-10-01T00:00:00.000Z,36,200
1–2 months,Westminster,2025-08-29T00:00:00.000Z,2025-10-01T00:00:00.000Z,33,450
1–2 months,NCL,2025-08-31T00:00:00.000Z,2025-10-04T00:00:00.000Z,34,300
1–2 months,Compassion in Action,2025-08-31T00:00:00.000Z,2025-10-05T00:00:00.000Z,35,1300
1–2 months,Tritt Elementary,2025-08-25T00:00:00.000Z,2025-10-07T00:00:00.000Z,43,200
1–2 months,Capstone Academy,2025-08-30T00:00:00.000Z,2025-10-08T00:00:00.000Z,39,100
1–2 months,Greystone Garden Club,2025-08-31T00:00:00.000Z,2025-10-08T00:00:00.000Z,38,200
1–2 months,Marietta High School,2025-09-08T00:00:00.000Z,2025-10-09T00:00:00.000Z,31,200
1–2 months,LDS,2025-09-03T00:00:00.000Z,2025-10-11T00:00:00.000Z,38,500
1–2 months,Dacula United Methodist Church,2025-08-28T00:00:00.000Z,2025-10-18T00:00:00.000Z,51,200
1–2 months,Emory,2025-09-03T00:00:00.000Z,2025-10-18T00:00:00.000Z,45,600
1–2 months,Korean-American Community,2025-09-17T00:00:00.000Z,2025-10-26T00:00:00.000Z,39,200
1–2 months,Rotary Club,2025-09-22T00:00:00.000Z,2025-10-26T00:00:00.000Z,34,200
1–2 months,Synergis,2025-09-08T00:00:00.000Z,2025-10-29T00:00:00.000Z,51,500
request_lead_time,event,requested_date,event_date,lead_days,estimated_sandwiches
Under 2 weeks,Emory,2025-10-05T00:00:00.000Z,2025-10-05T00:00:00.000Z,0,300
Under 2 weeks,Emory,2025-10-05T00:00:00.000Z,2025-10-08T00:00:00.000Z,3,200
Under 2 weeks,NCJW,2025-10-05T00:00:00.000Z,2025-10-08T00:00:00.000Z,3,120
Under 2 weeks,Northview High School,2025-10-01T00:00:00.000Z,2025-10-08T00:00:00.000Z,7,500
Under 2 weeks,TPx,2025-10-02T00:00:00.000Z,2025-10-08T00:00:00.000Z,6,450
Under 2 weeks,Body GOALS PT,2025-10-10T00:00:00.000Z,2025-10-14T00:00:00.000Z,4,0
Under 2 weeks,Village Oaks Subdivision,2025-10-08T00:00:00.000Z,2025-10-15T00:00:00.000Z,7,100
Under 2 weeks,YMSL,2025-10-18T00:00:00.000Z,2025-10-18T00:00:00.000Z,0,400
Under 2 weeks,Christ The King School,2025-10-13T00:00:00.000Z,2025-10-22T00:00:00.000Z,9,
Under 2 weeks,Walton High School,2025-10-09T00:00:00.000Z,2025-10-22T00:00:00.000Z,13,250
Under 2 weeks,Altrusa International,2025-10-22T00:00:00.000Z,2025-10-24T00:00:00.000Z,2,500
Under 2 weeks,YMSL,2025-10-13T00:00:00.000Z,2025-10-25T00:00:00.000Z,12,220
Under 2 weeks,NCL,2025-10-20T00:00:00.000Z,2025-10-26T00:00:00.000Z,6,250
Under 2 weeks,NCL,2025-10-21T00:00:00.000Z,2025-10-29T00:00:00.000Z,8,200
2–4 weeks,Roswell Presbyterian Church,2025-09-09T00:00:00.000Z,2025-10-01T00:00:00.000Z,22,1000
2–4 weeks,The Swift School,2025-09-04T00:00:00.000Z,2025-10-01T00:00:00.000Z,27,300
2–4 weeks,CISV,2025-09-28T00:00:00.000Z,2025-10-12T00:00:00.000Z,14,200
2–4 weeks,Omega Phi Alpha at Kennesaw State University,2025-09-24T00:00:00.000Z,2025-10-13T00:00:00.000Z,19,100
2–4 weeks,Omega Phi Alpha at Kennesaw State University,2025-09-23T00:00:00.000Z,2025-10-13T00:00:00.000Z,20,
2–4 weeks,Sheraton Suites Galleria Atlanta,2025-09-30T00:00:00.000Z,2025-10-15T00:00:00.000Z,15,250
2–4 weeks,Gwinnett Youth Commission,2025-09-19T00:00:00.000Z,2025-10-17T00:00:00.000Z,28,250
2–4 weeks,Outlaws Travel Baseball,2025-09-29T00:00:00.000Z,2025-10-18T00:00:00.000Z,19,
2–4 weeks,Georgia Tech,2025-10-05T00:00:00.000Z,2025-10-21T00:00:00.000Z,16,200
2–4 weeks,Kennesaw State University,2025-10-03T00:00:00.000Z,2025-10-22T00:00:00.000Z,19,100
2–4 weeks,Wesleyan School,2025-09-25T00:00:00.000Z,2025-10-22T00:00:00.000Z,27,220
2–4 weeks,Jack & Jill,2025-10-05T00:00:00.000Z,2025-10-25T00:00:00.000Z,20,100
2–4 weeks,Taylor Arnold Birthday Service Project,2025-10-05T00:00:00.000Z,2025-10-25T00:00:00.000Z,20,
2–4 weeks,Mosaic Design Build,2025-09-30T00:00:00.000Z,2025-10-29T00:00:00.000Z,29,200
2–4 weeks,Peachtree Church,2025-10-09T00:00:00.000Z,2025-10-29T00:00:00.000Z,20,200
2–4 weeks,Guidehouse,2025-10-05T00:00:00.000Z,2025-10-30T00:00:00.000Z,25,
1–2 months,Cox,2025-08-26T00:00:00.000Z,2025-10-01T00:00:00.000Z,36,170
1–2 months,Cox,2025-08-26T00:00:00.000Z,2025-10-01T00:00:00.000Z,36,200
1–2 months,Westminster,2025-08-29T00:00:00.000Z,2025-10-01T00:00:00.000Z,33,450
1–2 months,NCL,2025-08-31T00:00:00.000Z,2025-10-04T00:00:00.000Z,34,300
1–2 months,Compassion in Action,2025-08-31T00:00:00.000Z,2025-10-05T00:00:00.000Z,35,1300
1–2 months,Tritt Elementary,2025-08-25T00:00:00.000Z,2025-10-07T00:00:00.000Z,43,200
1–2 months,Capstone Academy,2025-08-30T00:00:00.000Z,2025-10-08T00:00:00.000Z,39,100
1–2 months,Greystone Garden Club,2025-08-31T00:00:00.000Z,2025-10-08T00:00:00.000Z,38,200
1–2 months,Marietta High School,2025-09-08T00:00:00.000Z,2025-10-09T00:00:00.000Z,31,200
1–2 months,LDS,2025-09-03T00:00:00.000Z,2025-10-11T00:00:00.000Z,38,500
1–2 months,Dacula United Methodist Church,2025-08-28T00:00:00.000Z,2025-10-18T00:00:00.000Z,51,200
1–2 months,Emory,2025-09-03T00:00:00.000Z,2025-10-18T00:00:00.000Z,45,600
1–2 months,Korean-American Community,2025-09-17T00:00:00.000Z,2025-10-26T00:00:00.000Z,39,200
1–2 months,Rotary Club,2025-09-22T00:00:00.000Z,2025-10-26T00:00:00.000Z,34,200
1–2 months,Synergis,2025-09-08T00:00:00.000Z,2025-10-29T00:00:00.000Z,51,500
request_lead_time,event,requested_date,event_date,lead_days,estimated_sandwiches
Under 2 weeks,Emory,2025-10-05T00:00:00.000Z,2025-10-05T00:00:00.000Z,0,300
Under 2 weeks,Emory,2025-10-05T00:00:00.000Z,2025-10-08T00:00:00.000Z,3,200
Under 2 weeks,NCJW,2025-10-05T00:00:00.000Z,2025-10-08T00:00:00.000Z,3,120
Under 2 weeks,Northview High School,2025-10-01T00:00:00.000Z,2025-10-08T00:00:00.000Z,7,500
Under 2 weeks,TPx,2025-10-02T00:00:00.000Z,2025-10-08T00:00:00.000Z,6,450
Under 2 weeks,Body GOALS PT,2025-10-10T00:00:00.000Z,2025-10-14T00:00:00.000Z,4,0
Under 2 weeks,Village Oaks Subdivision,2025-10-08T00:00:00.000Z,2025-10-15T00:00:00.000Z,7,100
Under 2 weeks,YMSL,2025-10-18T00:00:00.000Z,2025-10-18T00:00:00.000Z,0,400
Under 2 weeks,Christ The King School,2025-10-13T00:00:00.000Z,2025-10-22T00:00:00.000Z,9,
Under 2 weeks,Walton High School,2025-10-09T00:00:00.000Z,2025-10-22T00:00:00.000Z,13,250
Under 2 weeks,Altrusa International,2025-10-22T00:00:00.000Z,2025-10-24T00:00:00.000Z,2,500
Under 2 weeks,YMSL,2025-10-13T00:00:00.000Z,2025-10-25T00:00:00.000Z,12,220
Under 2 weeks,NCL,2025-10-20T00:00:00.000Z,2025-10-26T00:00:00.000Z,6,250
Under 2 weeks,NCL,2025-10-21T00:00:00.000Z,2025-10-29T00:00:00.000Z,8,200
2–4 weeks,Roswell Presbyterian Church,2025-09-09T00:00:00.000Z,2025-10-01T00:00:00.000Z,22,1000
2–4 weeks,The Swift School,2025-09-04T00:00:00.000Z,2025-10-01T00:00:00.000Z,27,300
2–4 weeks,CISV,2025-09-28T00:00:00.000Z,2025-10-12T00:00:00.000Z,14,200
2–4 weeks,Omega Phi Alpha at Kennesaw State University,2025-09-24T00:00:00.000Z,2025-10-13T00:00:00.000Z,19,100
2–4 weeks,Omega Phi Alpha at Kennesaw State University,2025-09-23T00:00:00.000Z,2025-10-13T00:00:00.000Z,20,
2–4 weeks,Sheraton Suites Galleria Atlanta,2025-09-30T00:00:00.000Z,2025-10-15T00:00:00.000Z,15,250
2–4 weeks,Gwinnett Youth Commission,2025-09-19T00:00:00.000Z,2025-10-17T00:00:00.000Z,28,250
2–4 weeks,Outlaws Travel Baseball,2025-09-29T00:00:00.000Z,2025-10-18T00:00:00.000Z,19,
2–4 weeks,Georgia Tech,2025-10-05T00:00:00.000Z,2025-10-21T00:00:00.000Z,16,200
2–4 weeks,Kennesaw State University,2025-10-03T00:00:00.000Z,2025-10-22T00:00:00.000Z,19,100
2–4 weeks,Wesleyan School,2025-09-25T00:00:00.000Z,2025-10-22T00:00:00.000Z,27,220
2–4 weeks,Jack & Jill,2025-10-05T00:00:00.000Z,2025-10-25T00:00:00.000Z,20,100
2–4 weeks,Taylor Arnold Birthday Service Project,2025-10-05T00:00:00.000Z,2025-10-25T00:00:00.000Z,20,
2–4 weeks,Mosaic Design Build,2025-09-30T00:00:00.000Z,2025-10-29T00:00:00.000Z,29,200
2–4 weeks,Peachtree Church,2025-10-09T00:00:00.000Z,2025-10-29T00:00:00.000Z,20,200
2–4 weeks,Guidehouse,2025-10-05T00:00:00.000Z,2025-10-30T00:00:00.000Z,25,
1–2 months,Cox,2025-08-26T00:00:00.000Z,2025-10-01T00:00:00.000Z,36,170
1–2 months,Cox,2025-08-26T00:00:00.000Z,2025-10-01T00:00:00.000Z,36,200
1–2 months,Westminster,2025-08-29T00:00:00.000Z,2025-10-01T00:00:00.000Z,33,450
1–2 months,NCL,2025-08-31T00:00:00.000Z,2025-10-04T00:00:00.000Z,34,300
1–2 months,Compassion in Action,2025-08-31T00:00:00.000Z,2025-10-05T00:00:00.000Z,35,1300
1–2 months,Tritt Elementary,2025-08-25T00:00:00.000Z,2025-10-07T00:00:00.000Z,43,200
1–2 months,Capstone Academy,2025-08-30T00:00:00.000Z,2025-10-08T00:00:00.000Z,39,100
1–2 months,Greystone Garden Club,2025-08-31T00:00:00.000Z,2025-10-08T00:00:00.000Z,38,200
1–2 months,Marietta High School,2025-09-08T00:00:00.000Z,2025-10-09T00:00:00.000Z,31,200
1–2 months,LDS,2025-09-03T00:00:00.000Z,2025-10-11T00:00:00.000Z,38,500
1–2 months,Dacula United Methodist Church,2025-08-28T00:00:00.000Z,2025-10-18T00:00:00.000Z,51,200
1–2 months,Emory,2025-09-03T00:00:00.000Z,2025-10-18T00:00:00.000Z,45,600
1–2 months,Korean-American Community,2025-09-17T00:00:00.000Z,2025-10-26T00:00:00.000Z,39,200
1–2 months,Rotary Club,2025-09-22T00:00:00.000Z,2025-10-26T00:00:00.000Z,34,200
1–2 months,Synergis,2025-09-08T00:00:00.000Z,2025-10-29T00:00:00.000Z,51,500
request_lead_time,event,requested_date,event_date,lead_days,estimated_sandwiches
Under 2 weeks,Emory,2025-10-05T00:00:00.000Z,2025-10-05T00:00:00.000Z,0,300
Under 2 weeks,Emory,2025-10-05T00:00:00.000Z,2025-10-08T00:00:00.000Z,3,200
Under 2 weeks,NCJW,2025-10-05T00:00:00.000Z,2025-10-08T00:00:00.000Z,3,120
Under 2 weeks,Northview High School,2025-10-01T00:00:00.000Z,2025-10-08T00:00:00.000Z,7,500
Under 2 weeks,TPx,2025-10-02T00:00:00.000Z,2025-10-08T00:00:00.000Z,6,450
Under 2 weeks,Body GOALS PT,2025-10-10T00:00:00.000Z,2025-10-14T00:00:00.000Z,4,0
Under 2 weeks,Village Oaks Subdivision,2025-10-08T00:00:00.000Z,2025-10-15T00:00:00.000Z,7,100
Under 2 weeks,YMSL,2025-10-18T00:00:00.000Z,2025-10-18T00:00:00.000Z,0,400
Under 2 weeks,Christ The King School,2025-10-13T00:00:00.000Z,2025-10-22T00:00:00.000Z,9,
Under 2 weeks,Walton High School,2025-10-09T00:00:00.000Z,2025-10-22T00:00:00.000Z,13,250
Under 2 weeks,Altrusa International,2025-10-22T00:00:00.000Z,2025-10-24T00:00:00.000Z,2,500
Under 2 weeks,YMSL,2025-10-13T00:00:00.000Z,2025-10-25T00:00:00.000Z,12,220
Under 2 weeks,NCL,2025-10-20T00:00:00.000Z,2025-10-26T00:00:00.000Z,6,250
Under 2 weeks,NCL,2025-10-21T00:00:00.000Z,2025-10-29T00:00:00.000Z,8,200
2–4 weeks,Roswell Presbyterian Church,2025-09-09T00:00:00.000Z,2025-10-01T00:00:00.000Z,22,1000
2–4 weeks,The Swift School,2025-09-04T00:00:00.000Z,2025-10-01T00:00:00.000Z,27,300
2–4 weeks,CISV,2025-09-28T00:00:00.000Z,2025-10-12T00:00:00.000Z,14,200
2–4 weeks,Omega Phi Alpha at Kennesaw State University,2025-09-24T00:00:00.000Z,2025-10-13T00:00:00.000Z,19,100
2–4 weeks,Omega Phi Alpha at Kennesaw State University,2025-09-23T00:00:00.000Z,2025-10-13T00:00:00.000Z,20,
2–4 weeks,Sheraton Suites Galleria Atlanta,2025-09-30T00:00:00.000Z,2025-10-15T00:00:00.000Z,15,250
2–4 weeks,Gwinnett Youth Commission,2025-09-19T00:00:00.000Z,2025-10-17T00:00:00.000Z,28,250
2–4 weeks,Outlaws Travel Baseball,2025-09-29T00:00:00.000Z,2025-10-18T00:00:00.000Z,19,
2–4 weeks,Georgia Tech,2025-10-05T00:00:00.000Z,2025-10-21T00:00:00.000Z,16,200
2–4 weeks,Kennesaw State University,2025-10-03T00:00:00.000Z,2025-10-22T00:00:00.000Z,19,100
2–4 weeks,Wesleyan School,2025-09-25T00:00:00.000Z,2025-10-22T00:00:00.000Z,27,220
2–4 weeks,Jack & Jill,2025-10-05T00:00:00.000Z,2025-10-25T00:00:00.000Z,20,100
2–4 weeks,Taylor Arnold Birthday Service Project,2025-10-05T00:00:00.000Z,2025-10-25T00:00:00.000Z,20,
2–4 weeks,Mosaic Design Build,2025-09-30T00:00:00.000Z,2025-10-29T00:00:00.000Z,29,200
2–4 weeks,Peachtree Church,2025-10-09T00:00:00.000Z,2025-10-29T00:00:00.000Z,20,200
2–4 weeks,Guidehouse,2025-10-05T00:00:00.000Z,2025-10-30T00:00:00.000Z,25,
1–2 months,Cox,2025-08-26T00:00:00.000Z,2025-10-01T00:00:00.000Z,36,170
1–2 months,Cox,2025-08-26T00:00:00.000Z,2025-10-01T00:00:00.000Z,36,200
1–2 months,Westminster,2025-08-29T00:00:00.000Z,2025-10-01T00:00:00.000Z,33,450
1–2 months,NCL,2025-08-31T00:00:00.000Z,2025-10-04T00:00:00.000Z,34,300
1–2 months,Compassion in Action,2025-08-31T00:00:00.000Z,2025-10-05T00:00:00.000Z,35,1300
1–2 months,Tritt Elementary,2025-08-25T00:00:00.000Z,2025-10-07T00:00:00.000Z,43,200
1–2 months,Capstone Academy,2025-08-30T00:00:00.000Z,2025-10-08T00:00:00.000Z,39,100
1–2 months,Greystone Garden Club,2025-08-31T00:00:00.000Z,2025-10-08T00:00:00.000Z,38,200
1–2 months,Marietta High School,2025-09-08T00:00:00.000Z,2025-10-09T00:00:00.000Z,31,200
1–2 months,LDS,2025-09-03T00:00:00.000Z,2025-10-11T00:00:00.000Z,38,500
1–2 months,Dacula United Methodist Church,2025-08-28T00:00:00.000Z,2025-10-18T00:00:00.000Z,51,200
1–2 months,Emory,2025-09-03T00:00:00.000Z,2025-10-18T00:00:00.000Z,45,600
1–2 months,Korean-American Community,2025-09-17T00:00:00.000Z,2025-10-26T00:00:00.000Z,39,200
1–2 months,Rotary Club,2025-09-22T00:00:00.000Z,2025-10-26T00:00:00.000Z,34,200
1–2 months,Synergis,2025-09-08T00:00:00.000Z,2025-10-29T00:00:00.000Z,51,500
request_lead_time,event,requested_date,event_date,lead_days,estimated_sandwiches
Under 2 weeks,Emory,2025-10-05T00:00:00.000Z,2025-10-05T00:00:00.000Z,0,300
Under 2 weeks,Emory,2025-10-05T00:00:00.000Z,2025-10-08T00:00:00.000Z,3,200
Under 2 weeks,NCJW,2025-10-05T00:00:00.000Z,2025-10-08T00:00:00.000Z,3,120
Under 2 weeks,Northview High School,2025-10-01T00:00:00.000Z,2025-10-08T00:00:00.000Z,7,500
Under 2 weeks,TPx,2025-10-02T00:00:00.000Z,2025-10-08T00:00:00.000Z,6,450
Under 2 weeks,Body GOALS PT,2025-10-10T00:00:00.000Z,2025-10-14T00:00:00.000Z,4,0
Under 2 weeks,Village Oaks Subdivision,2025-10-08T00:00:00.000Z,2025-10-15T00:00:00.000Z,7,100
Under 2 weeks,YMSL,2025-10-18T00:00:00.000Z,2025-10-18T00:00:00.000Z,0,400
Under 2 weeks,Christ The King School,2025-10-13T00:00:00.000Z,2025-10-22T00:00:00.000Z,9,
Under 2 weeks,Walton High School,2025-10-09T00:00:00.000Z,2025-10-22T00:00:00.000Z,13,250
Under 2 weeks,Altrusa International,2025-10-22T00:00:00.000Z,2025-10-24T00:00:00.000Z,2,500
Under 2 weeks,YMSL,2025-10-13T00:00:00.000Z,2025-10-25T00:00:00.000Z,12,220
Under 2 weeks,NCL,2025-10-20T00:00:00.000Z,2025-10-26T00:00:00.000Z,6,250
Under 2 weeks,NCL,2025-10-21T00:00:00.000Z,2025-10-29T00:00:00.000Z,8,200
2–4 weeks,Roswell Presbyterian Church,2025-09-09T00:00:00.000Z,2025-10-01T00:00:00.000Z,22,1000
2–4 weeks,The Swift School,2025-09-04T00:00:00.000Z,2025-10-01T00:00:00.000Z,27,300
2–4 weeks,CISV,2025-09-28T00:00:00.000Z,2025-10-12T00:00:00.000Z,14,200
2–4 weeks,Omega Phi Alpha at Kennesaw State University,2025-09-24T00:00:00.000Z,2025-10-13T00:00:00.000Z,19,100
2–4 weeks,Omega Phi Alpha at Kennesaw State University,2025-09-23T00:00:00.000Z,2025-10-13T00:00:00.000Z,20,
2–4 weeks,Sheraton Suites Galleria Atlanta,2025-09-30T00:00:00.000Z,2025-10-15T00:00:00.000Z,15,250
2–4 weeks,Gwinnett Youth Commission,2025-09-19T00:00:00.000Z,2025-10-17T00:00:00.000Z,28,250
2–4 weeks,Outlaws Travel Baseball,2025-09-29T00:00:00.000Z,2025-10-18T00:00:00.000Z,19,
2–4 weeks,Georgia Tech,2025-10-05T00:00:00.000Z,2025-10-21T00:00:00.000Z,16,200
2–4 weeks,Kennesaw State University,2025-10-03T00:00:00.000Z,2025-10-22T00:00:00.000Z,19,100
2–4 weeks,Wesleyan School,2025-09-25T00:00:00.000Z,2025-10-22T00:00:00.000Z,27,220
2–4 weeks,Jack & Jill,2025-10-05T00:00:00.000Z,2025-10-25T00:00:00.000Z,20,100
2–4 weeks,Taylor Arnold Birthday Service Project,2025-10-05T00:00:00.000Z,2025-10-25T00:00:00.000Z,20,
2–4 weeks,Mosaic Design Build,2025-09-30T00:00:00.000Z,2025-10-29T00:00:00.000Z,29,200
2–4 weeks,Peachtree Church,2025-10-09T00:00:00.000Z,2025-10-29T00:00:00.000Z,20,200
2–4 weeks,Guidehouse,2025-10-05T00:00:00.000Z,2025-10-30T00:00:00.000Z,25,
1–2 months,Cox,2025-08-26T00:00:00.000Z,2025-10-01T00:00:00.000Z,36,170
1–2 months,Cox,2025-08-26T00:00:00.000Z,2025-10-01T00:00:00.000Z,36,200
1–2 months,Westminster,2025-08-29T00:00:00.000Z,2025-10-01T00:00:00.000Z,33,450
1–2 months,NCL,2025-08-31T00:00:00.000Z,2025-10-04T00:00:00.000Z,34,300
1–2 months,Compassion in Action,2025-08-31T00:00:00.000Z,2025-10-05T00:00:00.000Z,35,1300
1–2 months,Tritt Elementary,2025-08-25T00:00:00.000Z,2025-10-07T00:00:00.000Z,43,200
1–2 months,Capstone Academy,2025-08-30T00:00:00.000Z,2025-10-08T00:00:00.000Z,39,100
1–2 months,Greystone Garden Club,2025-08-31T00:00:00.000Z,2025-10-08T00:00:00.000Z,38,200
1–2 months,Marietta High School,2025-09-08T00:00:00.000Z,2025-10-09T00:00:00.000Z,31,200
1–2 months,LDS,2025-09-03T00:00:00.000Z,2025-10-11T00:00:00.000Z,38,500
1–2 months,Dacula United Methodist Church,2025-08-28T00:00:00.000Z,2025-10-18T00:00:00.000Z,51,200
1–2 months,Emory,2025-09-03T00:00:00.000Z,2025-10-18T00:00:00.000Z,45,600
1–2 months,Korean-American Community,2025-09-17T00:00:00.000Z,2025-10-26T00:00:00.000Z,39,200
1–2 months,Rotary Club,2025-09-22T00:00:00.000Z,2025-10-26T00:00:00.000Z,34,200
1–2 months,Synergis,2025-09-08T00:00:00.000Z,2025-10-29T00:00:00.000Z,51,500
request_lead_time,event,requested_date,event_date,lead_days,estimated_sandwiches
Under 2 weeks,Emory,2025-10-05T00:00:00.000Z,2025-10-05T00:00:00.000Z,0,300
Under 2 weeks,Emory,2025-10-05T00:00:00.000Z,2025-10-08T00:00:00.000Z,3,200
Under 2 weeks,NCJW,2025-10-05T00:00:00.000Z,2025-10-08T00:00:00.000Z,3,120
Under 2 weeks,Northview High School,2025-10-01T00:00:00.000Z,2025-10-08T00:00:00.000Z,7,500
Under 2 weeks,TPx,2025-10-02T00:00:00.000Z,2025-10-08T00:00:00.000Z,6,450
Under 2 weeks,Body GOALS PT,2025-10-10T00:00:00.000Z,2025-10-14T00:00:00.000Z,4,0
Under 2 weeks,Village Oaks Subdivision,2025-10-08T00:00:00.000Z,2025-10-15T00:00:00.000Z,7,100
Under 2 weeks,YMSL,2025-10-18T00:00:00.000Z,2025-10-18T00:00:00.000Z,0,400
Under 2 weeks,Christ The King School,2025-10-13T00:00:00.000Z,2025-10-22T00:00:00.000Z,9,
Under 2 weeks,Walton High School,2025-10-09T00:00:00.000Z,2025-10-22T00:00:00.000Z,13,250
Under 2 weeks,Altrusa International,2025-10-22T00:00:00.000Z,2025-10-24T00:00:00.000Z,2,500
Under 2 weeks,YMSL,2025-10-13T00:00:00.000Z,2025-10-25T00:00:00.000Z,12,220
Under 2 weeks,NCL,2025-10-20T00:00:00.000Z,2025-10-26T00:00:00.000Z,6,250
Under 2 weeks,NCL,2025-10-21T00:00:00.000Z,2025-10-29T00:00:00.000Z,8,200
2–4 weeks,Roswell Presbyterian Church,2025-09-09T00:00:00.000Z,2025-10-01T00:00:00.000Z,22,1000
2–4 weeks,The Swift School,2025-09-04T00:00:00.000Z,2025-10-01T00:00:00.000Z,27,300
2–4 weeks,CISV,2025-09-28T00:00:00.000Z,2025-10-12T00:00:00.000Z,14,200
2–4 weeks,Omega Phi Alpha at Kennesaw State University,2025-09-24T00:00:00.000Z,2025-10-13T00:00:00.000Z,19,100
2–4 weeks,Omega Phi Alpha at Kennesaw State University,2025-09-23T00:00:00.000Z,2025-10-13T00:00:00.000Z,20,
2–4 weeks,Sheraton Suites Galleria Atlanta,2025-09-30T00:00:00.000Z,2025-10-15T00:00:00.000Z,15,250
2–4 weeks,Gwinnett Youth Commission,2025-09-19T00:00:00.000Z,2025-10-17T00:00:00.000Z,28,250
2–4 weeks,Outlaws Travel Baseball,2025-09-29T00:00:00.000Z,2025-10-18T00:00:00.000Z,19,
2–4 weeks,Georgia Tech,2025-10-05T00:00:00.000Z,2025-10-21T00:00:00.000Z,16,200
2–4 weeks,Kennesaw State University,2025-10-03T00:00:00.000Z,2025-10-22T00:00:00.000Z,19,100
2–4 weeks,Wesleyan School,2025-09-25T00:00:00.000Z,2025-10-22T00:00:00.000Z,27,220
2–4 weeks,Jack & Jill,2025-10-05T00:00:00.000Z,2025-10-25T00:00:00.000Z,20,100
2–4 weeks,Taylor Arnold Birthday Service Project,2025-10-05T00:00:00.000Z,2025-10-25T00:00:00.000Z,20,
2–4 weeks,Mosaic Design Build,2025-09-30T00:00:00.000Z,2025-10-29T00:00:00.000Z,29,200
2–4 weeks,Peachtree Church,2025-10-09T00:00:00.000Z,2025-10-29T00:00:00.000Z,20,200
2–4 weeks,Guidehouse,2025-10-05T00:00:00.000Z,2025-10-30T00:00:00.000Z,25,
1–2 months,Cox,2025-08-26T00:00:00.000Z,2025-10-01T00:00:00.000Z,36,170
1–2 months,Cox,2025-08-26T00:00:00.000Z,2025-10-01T00:00:00.000Z,36,200
1–2 months,Westminster,2025-08-29T00:00:00.000Z,2025-10-01T00:00:00.000Z,33,450
1–2 months,NCL,2025-08-31T00:00:00.000Z,2025-10-04T00:00:00.000Z,34,300
1–2 months,Compassion in Action,2025-08-31T00:00:00.000Z,2025-10-05T00:00:00.000Z,35,1300
1–2 months,Tritt Elementary,2025-08-25T00:00:00.000Z,2025-10-07T00:00:00.000Z,43,200
1–2 months,Capstone Academy,2025-08-30T00:00:00.000Z,2025-10-08T00:00:00.000Z,39,100
1–2 months,Greystone Garden Club,2025-08-31T00:00:00.000Z,2025-10-08T00:00:00.000Z,38,200
1–2 months,Marietta High School,2025-09-08T00:00:00.000Z,2025-10-09T00:00:00.000Z,31,200
1–2 months,LDS,2025-09-03T00:00:00.000Z,2025-10-11T00:00:00.000Z,38,500
1–2 months,Dacula United Methodist Church,2025-08-28T00:00:00.000Z,2025-10-18T00:00:00.000Z,51,200
1–2 months,Emory,2025-09-03T00:00:00.000Z,2025-10-18T00:00:00.000Z,45,600
1–2 months,Korean-American Community,2025-09-17T00:00:00.000Z,2025-10-26T00:00:00.000Z,39,200
1–2 months,Rotary Club,2025-09-22T00:00:00.000Z,2025-10-26T00:00:00.000Z,34,200
1–2 months,Synergis,2025-09-08T00:00:00.000Z,2025-10-29T00:00:00.000Z,51,500
request_lead_time,event,requested_date,event_date,lead_days,estimated_sandwiches
Under 2 weeks,Emory,2025-10-05T00:00:00.000Z,2025-10-05T00:00:00.000Z,0,300
Under 2 weeks,Emory,2025-10-05T00:00:00.000Z,2025-10-08T00:00:00.000Z,3,200
Under 2 weeks,NCJW,2025-10-05T00:00:00.000Z,2025-10-08T00:00:00.000Z,3,120
Under 2 weeks,Northview High School,2025-10-01T00:00:00.000Z,2025-10-08T00:00:00.000Z,7,500
Under 2 weeks,TPx,2025-10-02T00:00:00.000Z,2025-10-08T00:00:00.000Z,6,450
Under 2 weeks,Body GOALS PT,2025-10-10T00:00:00.000Z,2025-10-14T00:00:00.000Z,4,0
Under 2 weeks,Village Oaks Subdivision,2025-10-08T00:00:00.000Z,2025-10-15T00:00:00.000Z,7,100
Under 2 weeks,YMSL,2025-10-18T00:00:00.000Z,2025-10-18T00:00:00.000Z,0,400
Under 2 weeks,Christ The King School,2025-10-13T00:00:00.000Z,2025-10-22T00:00:00.000Z,9,
Under 2 weeks,Walton High School,2025-10-09T00:00:00.000Z,2025-10-22T00:00:00.000Z,13,250
Under 2 weeks,Altrusa International,2025-10-22T00:00:00.000Z,2025-10-24T00:00:00.000Z,2,500
Under 2 weeks,YMSL,2025-10-13T00:00:00.000Z,2025-10-25T00:00:00.000Z,12,220
Under 2 weeks,NCL,2025-10-20T00:00:00.000Z,2025-10-26T00:00:00.000Z,6,250
Under 2 weeks,NCL,2025-10-21T00:00:00.000Z,2025-10-29T00:00:00.000Z,8,200
2–4 weeks,Roswell Presbyterian Church,2025-09-09T00:00:00.000Z,2025-10-01T00:00:00.000Z,22,1000
2–4 weeks,The Swift School,2025-09-04T00:00:00.000Z,2025-10-01T00:00:00.000Z,27,300
2–4 weeks,CISV,2025-09-28T00:00:00.000Z,2025-10-12T00:00:00.000Z,14,200
2–4 weeks,Omega Phi Alpha at Kennesaw State University,2025-09-24T00:00:00.000Z,2025-10-13T00:00:00.000Z,19,100
2–4 weeks,Omega Phi Alpha at Kennesaw State University,2025-09-23T00:00:00.000Z,2025-10-13T00:00:00.000Z,20,
2–4 weeks,Sheraton Suites Galleria Atlanta,2025-09-30T00:00:00.000Z,2025-10-15T00:00:00.000Z,15,250
2–4 weeks,Gwinnett Youth Commission,2025-09-19T00:00:00.000Z,2025-10-17T00:00:00.000Z,28,250
2–4 weeks,Outlaws Travel Baseball,2025-09-29T00:00:00.000Z,2025-10-18T00:00:00.000Z,19,
2–4 weeks,Georgia Tech,2025-10-05T00:00:00.000Z,2025-10-21T00:00:00.000Z,16,200
2–4 weeks,Kennesaw State University,2025-10-03T00:00:00.000Z,2025-10-22T00:00:00.000Z,19,100
2–4 weeks,Wesleyan School,2025-09-25T00:00:00.000Z,2025-10-22T00:00:00.000Z,27,220
2–4 weeks,Jack & Jill,2025-10-05T00:00:00.000Z,2025-10-25T00:00:00.000Z,20,100
2–4 weeks,Taylor Arnold Birthday Service Project,2025-10-05T00:00:00.000Z,2025-10-25T00:00:00.000Z,20,
2–4 weeks,Mosaic Design Build,2025-09-30T00:00:00.000Z,2025-10-29T00:00:00.000Z,29,200
2–4 weeks,Peachtree Church,2025-10-09T00:00:00.000Z,2025-10-29T00:00:00.000Z,20,200
2–4 weeks,Guidehouse,2025-10-05T00:00:00.000Z,2025-10-30T00:00:00.000Z,25,
1–2 months,Cox,2025-08-26T00:00:00.000Z,2025-10-01T00:00:00.000Z,36,170
1–2 months,Cox,2025-08-26T00:00:00.000Z,2025-10-01T00:00:00.000Z,36,200
1–2 months,Westminster,2025-08-29T00:00:00.000Z,2025-10-01T00:00:00.000Z,33,450
1–2 months,NCL,2025-08-31T00:00:00.000Z,2025-10-04T00:00:00.000Z,34,300
1–2 months,Compassion in Action,2025-08-31T00:00:00.000Z,2025-10-05T00:00:00.000Z,35,1300
1–2 months,Tritt Elementary,2025-08-25T00:00:00.000Z,2025-10-07T00:00:00.000Z,43,200
1–2 months,Capstone Academy,2025-08-30T00:00:00.000Z,2025-10-08T00:00:00.000Z,39,100
1–2 months,Greystone Garden Club,2025-08-31T00:00:00.000Z,2025-10-08T00:00:00.000Z,38,200
1–2 months,Marietta High School,2025-09-08T00:00:00.000Z,2025-10-09T00:00:00.000Z,31,200
1–2 months,LDS,2025-09-03T00:00:00.000Z,2025-10-11T00:00:00.000Z,38,500
1–2 months,Dacula United Methodist Church,2025-08-28T00:00:00.000Z,2025-10-18T00:00:00.000Z,51,200
1–2 months,Emory,2025-09-03T00:00:00.000Z,2025-10-18T00:00:00.000Z,45,600
1–2 months,Korean-American Community,2025-09-17T00:00:00.000Z,2025-10-26T00:00:00.000Z,39,200
1–2 months,Rotary Club,2025-09-22T00:00:00.000Z,2025-10-26T00:00:00.000Z,34,200
1–2 months,Synergis,2025-09-08T00:00:00.000Z,2025-10-29T00:00:00.000Z,51,500
request_lead_time,event,requested_date,event_date,lead_days,estimated_sandwiches
Under 2 weeks,Emory,2025-10-05T00:00:00.000Z,2025-10-05T00:00:00.000Z,0,300
Under 2 weeks,Emory,2025-10-05T00:00:00.000Z,2025-10-08T00:00:00.000Z,3,200
Under 2 weeks,NCJW,2025-10-05T00:00:00.000Z,2025-10-08T00:00:00.000Z,3,120
Under 2 weeks,Northview High School,2025-10-01T00:00:00.000Z,2025-10-08T00:00:00.000Z,7,500
Under 2 weeks,TPx,2025-10-02T00:00:00.000Z,2025-10-08T00:00:00.000Z,6,450
Under 2 weeks,Body GOALS PT,2025-10-10T00:00:00.000Z,2025-10-14T00:00:00.000Z,4,0
Under 2 weeks,Village Oaks Subdivision,2025-10-08T00:00:00.000Z,2025-10-15T00:00:00.000Z,7,100
Under 2 weeks,YMSL,2025-10-18T00:00:00.000Z,2025-10-18T00:00:00.000Z,0,400
Under 2 weeks,Christ The King School,2025-10-13T00:00:00.000Z,2025-10-22T00:00:00.000Z,9,
Under 2 weeks,Walton High School,2025-10-09T00:00:00.000Z,2025-10-22T00:00:00.000Z,13,250
Under 2 weeks,Altrusa International,2025-10-22T00:00:00.000Z,2025-10-24T00:00:00.000Z,2,500
Under 2 weeks,YMSL,2025-10-13T00:00:00.000Z,2025-10-25T00:00:00.000Z,12,220
Under 2 weeks,NCL,2025-10-20T00:00:00.000Z,2025-10-26T00:00:00.000Z,6,250
Under 2 weeks,NCL,2025-10-21T00:00:00.000Z,2025-10-29T00:00:00.000Z,8,200
2–4 weeks,Roswell Presbyterian Church,2025-09-09T00:00:00.000Z,2025-10-01T00:00:00.000Z,22,1000
2–4 weeks,The Swift School,2025-09-04T00:00:00.000Z,2025-10-01T00:00:00.000Z,27,300
2–4 weeks,CISV,2025-09-28T00:00:00.000Z,2025-10-12T00:00:00.000Z,14,200
2–4 weeks,Omega Phi Alpha at Kennesaw State University,2025-09-24T00:00:00.000Z,2025-10-13T00:00:00.000Z,19,100
2–4 weeks,Omega Phi Alpha at Kennesaw State University,2025-09-23T00:00:00.000Z,2025-10-13T00:00:00.000Z,20,
2–4 weeks,Sheraton Suites Galleria Atlanta,2025-09-30T00:00:00.000Z,2025-10-15T00:00:00.000Z,15,250
2–4 weeks,Gwinnett Youth Commission,2025-09-19T00:00:00.000Z,2025-10-17T00:00:00.000Z,28,250
2–4 weeks,Outlaws Travel Baseball,2025-09-29T00:00:00.000Z,2025-10-18T00:00:00.000Z,19,
2–4 weeks,Georgia Tech,2025-10-05T00:00:00.000Z,2025-10-21T00:00:00.000Z,16,200
2–4 weeks,Kennesaw State University,2025-10-03T00:00:00.000Z,2025-10-22T00:00:00.000Z,19,100
2–4 weeks,Wesleyan School,2025-09-25T00:00:00.000Z,2025-10-22T00:00:00.000Z,27,220
2–4 weeks,Jack & Jill,2025-10-05T00:00:00.000Z,2025-10-25T00:00:00.000Z,20,100
2–4 weeks,Taylor Arnold Birthday Service Project,2025-10-05T00:00:00.000Z,2025-10-25T00:00:00.000Z,20,
2–4 weeks,Mosaic Design Build,2025-09-30T00:00:00.000Z,2025-10-29T00:00:00.000Z,29,200
2–4 weeks,Peachtree Church,2025-10-09T00:00:00.000Z,2025-10-29T00:00:00.000Z,20,200
2–4 weeks,Guidehouse,2025-10-05T00:00:00.000Z,2025-10-30T00:00:00.000Z,25,
1–2 months,Cox,2025-08-26T00:00:00.000Z,2025-10-01T00:00:00.000Z,36,170
1–2 months,Cox,2025-08-26T00:00:00.000Z,2025-10-01T00:00:00.000Z,36,200
1–2 months,Westminster,2025-08-29T00:00:00.000Z,2025-10-01T00:00:00.000Z,33,450
1–2 months,NCL,2025-08-31T00:00:00.000Z,2025-10-04T00:00:00.000Z,34,300
1–2 months,Compassion in Action,2025-08-31T00:00:00.000Z,2025-10-05T00:00:00.000Z,35,1300
1–2 months,Tritt Elementary,2025-08-25T00:00:00.000Z,2025-10-07T00:00:00.000Z,43,200
1–2 months,Capstone Academy,2025-08-30T00:00:00.000Z,2025-10-08T00:00:00.000Z,39,100
1–2 months,Greystone Garden Club,2025-08-31T00:00:00.000Z,2025-10-08T00:00:00.000Z,38,200
1–2 months,Marietta High School,2025-09-08T00:00:00.000Z,2025-10-09T00:00:00.000Z,31,200
1–2 months,LDS,2025-09-03T00:00:00.000Z,2025-10-11T00:00:00.000Z,38,500
1–2 months,Dacula United Methodist Church,2025-08-28T00:00:00.000Z,2025-10-18T00:00:00.000Z,51,200
1–2 months,Emory,2025-09-03T00:00:00.000Z,2025-10-18T00:00:00.000Z,45,600
1–2 months,Korean-American Community,2025-09-17T00:00:00.000Z,2025-10-26T00:00:00.000Z,39,200
1–2 months,Rotary Club,2025-09-22T00:00:00.000Z,2025-10-26T00:00:00.000Z,34,200
1–2 months,Synergis,2025-09-08T00:00:00.000Z,2025-10-29T00:00:00.000Z,51,500
request_lead_time,event,requested_date,event_date,lead_days,estimated_sandwiches
Under 2 weeks,Emory,2025-10-05T00:00:00.000Z,2025-10-05T00:00:00.000Z,0,300
Under 2 weeks,Emory,2025-10-05T00:00:00.000Z,2025-10-08T00:00:00.000Z,3,200
Under 2 weeks,NCJW,2025-10-05T00:00:00.000Z,2025-10-08T00:00:00.000Z,3,120
Under 2 weeks,Northview High School,2025-10-01T00:00:00.000Z,2025-10-08T00:00:00.000Z,7,500
Under 2 weeks,TPx,2025-10-02T00:00:00.000Z,2025-10-08T00:00:00.000Z,6,450
Under 2 weeks,Body GOALS PT,2025-10-10T00:00:00.000Z,2025-10-14T00:00:00.000Z,4,0
Under 2 weeks,Village Oaks Subdivision,2025-10-08T00:00:00.000Z,2025-10-15T00:00:00.000Z,7,100
Under 2 weeks,YMSL,2025-10-18T00:00:00.000Z,2025-10-18T00:00:00.000Z,0,400
Under 2 weeks,Christ The King School,2025-10-13T00:00:00.000Z,2025-10-22T00:00:00.000Z,9,
Under 2 weeks,Walton High School,2025-10-09T00:00:00.000Z,2025-10-22T00:00:00.000Z,13,250
Under 2 weeks,Altrusa International,2025-10-22T00:00:00.000Z,2025-10-24T00:00:00.000Z,2,500
Under 2 weeks,YMSL,2025-10-13T00:00:00.000Z,2025-10-25T00:00:00.000Z,12,220
Under 2 weeks,NCL,2025-10-20T00:00:00.000Z,2025-10-26T00:00:00.000Z,6,250
Under 2 weeks,NCL,2025-10-21T00:00:00.000Z,2025-10-29T00:00:00.000Z,8,200
2–4 weeks,Roswell Presbyterian Church,2025-09-09T00:00:00.000Z,2025-10-01T00:00:00.000Z,22,1000
2–4 weeks,The Swift School,2025-09-04T00:00:00.000Z,2025-10-01T00:00:00.000Z,27,300
2–4 weeks,CISV,2025-09-28T00:00:00.000Z,2025-10-12T00:00:00.000Z,14,200
2–4 weeks,Omega Phi Alpha at Kennesaw State University,2025-09-24T00:00:00.000Z,2025-10-13T00:00:00.000Z,19,100
2–4 weeks,Omega Phi Alpha at Kennesaw State University,2025-09-23T00:00:00.000Z,2025-10-13T00:00:00.000Z,20,
2–4 weeks,Sheraton Suites Galleria Atlanta,2025-09-30T00:00:00.000Z,2025-10-15T00:00:00.000Z,15,250
2–4 weeks,Gwinnett Youth Commission,2025-09-19T00:00:00.000Z,2025-10-17T00:00:00.000Z,28,250
2–4 weeks,Outlaws Travel Baseball,2025-09-29T00:00:00.000Z,2025-10-18T00:00:00.000Z,19,
2–4 weeks,Georgia Tech,2025-10-05T00:00:00.000Z,2025-10-21T00:00:00.000Z,16,200
2–4 weeks,Kennesaw State University,2025-10-03T00:00:00.000Z,2025-10-22T00:00:00.000Z,19,100
2–4 weeks,Wesleyan School,2025-09-25T00:00:00.000Z,2025-10-22T00:00:00.000Z,27,220
2–4 weeks,Jack & Jill,2025-10-05T00:00:00.000Z,2025-10-25T00:00:00.000Z,20,100
2–4 weeks,Taylor Arnold Birthday Service Project,2025-10-05T00:00:00.000Z,2025-10-25T00:00:00.000Z,20,
2–4 weeks,Mosaic Design Build,2025-09-30T00:00:00.000Z,2025-10-29T00:00:00.000Z,29,200
2–4 weeks,Peachtree Church,2025-10-09T00:00:00.000Z,2025-10-29T00:00:00.000Z,20,200
2–4 weeks,Guidehouse,2025-10-05T00:00:00.000Z,2025-10-30T00:00:00.000Z,25,
1–2 months,Cox,2025-08-26T00:00:00.000Z,2025-10-01T00:00:00.000Z,36,170
1–2 months,Cox,2025-08-26T00:00:00.000Z,2025-10-01T00:00:00.000Z,36,200
1–2 months,Westminster,2025-08-29T00:00:00.000Z,2025-10-01T00:00:00.000Z,33,450
1–2 months,NCL,2025-08-31T00:00:00.000Z,2025-10-04T00:00:00.000Z,34,300
1–2 months,Compassion in Action,2025-08-31T00:00:00.000Z,2025-10-05T00:00:00.000Z,35,1300
1–2 months,Tritt Elementary,2025-08-25T00:00:00.000Z,2025-10-07T00:00:00.000Z,43,200
1–2 months,Capstone Academy,2025-08-30T00:00:00.000Z,2025-10-08T00:00:00.000Z,39,100
1–2 months,Greystone Garden Club,2025-08-31T00:00:00.000Z,2025-10-08T00:00:00.000Z,38,200
1–2 months,Marietta High School,2025-09-08T00:00:00.000Z,2025-10-09T00:00:00.000Z,31,200
1–2 months,LDS,2025-09-03T00:00:00.000Z,2025-10-11T00:00:00.000Z,38,500
1–2 months,Dacula United Methodist Church,2025-08-28T00:00:00.000Z,2025-10-18T00:00:00.000Z,51,200
1–2 months,Emory,2025-09-03T00:00:00.000Z,2025-10-18T00:00:00.000Z,45,600
1–2 months,Korean-American Community,2025-09-17T00:00:00.000Z,2025-10-26T00:00:00.000Z,39,200
1–2 months,Rotary Club,2025-09-22T00:00:00.000Z,2025-10-26T00:00:00.000Z,34,200
1–2 months,Synergis,2025-09-08T00:00:00.000Z,2025-10-29T00:00:00.000Z,51,500
request_lead_time,event,requested_date,event_date,lead_days,estimated_sandwiches
Under 2 weeks,Emory,2025-10-05T00:00:00.000Z,2025-10-05T00:00:00.000Z,0,300
Under 2 weeks,Emory,2025-10-05T00:00:00.000Z,2025-10-08T00:00:00.000Z,3,200
Under 2 weeks,NCJW,2025-10-05T00:00:00.000Z,2025-10-08T00:00:00.000Z,3,120
Under 2 weeks,Northview High School,2025-10-01T00:00:00.000Z,2025-10-08T00:00:00.000Z,7,500
Under 2 weeks,TPx,2025-10-02T00:00:00.000Z,2025-10-08T00:00:00.000Z,6,450
Under 2 weeks,Body GOALS PT,2025-10-10T00:00:00.000Z,2025-10-14T00:00:00.000Z,4,0
Under 2 weeks,Village Oaks Subdivision,2025-10-08T00:00:00.000Z,2025-10-15T00:00:00.000Z,7,100
Under 2 weeks,YMSL,2025-10-18T00:00:00.000Z,2025-10-18T00:00:00.000Z,0,400
Under 2 weeks,Christ The King School,2025-10-13T00:00:00.000Z,2025-10-22T00:00:00.000Z,9,
Under 2 weeks,Walton High School,2025-10-09T00:00:00.000Z,2025-10-22T00:00:00.000Z,13,250
Under 2 weeks,Altrusa International,2025-10-22T00:00:00.000Z,2025-10-24T00:00:00.000Z,2,500
Under 2 weeks,YMSL,2025-10-13T00:00:00.000Z,2025-10-25T00:00:00.000Z,12,220
Under 2 weeks,NCL,2025-10-20T00:00:00.000Z,2025-10-26T00:00:00.000Z,6,250
Under 2 weeks,NCL,2025-10-21T00:00:00.000Z,2025-10-29T00:00:00.000Z,8,200
2–4 weeks,Roswell Presbyterian Church,2025-09-09T00:00:00.000Z,2025-10-01T00:00:00.000Z,22,1000
2–4 weeks,The Swift School,2025-09-04T00:00:00.000Z,2025-10-01T00:00:00.000Z,27,300
2–4 weeks,CISV,2025-09-28T00:00:00.000Z,2025-10-12T00:00:00.000Z,14,200
2–4 weeks,Omega Phi Alpha at Kennesaw State University,2025-09-24T00:00:00.000Z,2025-10-13T00:00:00.000Z,19,100
2–4 weeks,Omega Phi Alpha at Kennesaw State University,2025-09-23T00:00:00.000Z,2025-10-13T00:00:00.000Z,20,
2–4 weeks,Sheraton Suites Galleria Atlanta,2025-09-30T00:00:00.000Z,2025-10-15T00:00:00.000Z,15,250
2–4 weeks,Gwinnett Youth Commission,2025-09-19T00:00:00.000Z,2025-10-17T00:00:00.000Z,28,250
2–4 weeks,Outlaws Travel Baseball,2025-09-29T00:00:00.000Z,2025-10-18T00:00:00.000Z,19,
2–4 weeks,Georgia Tech,2025-10-05T00:00:00.000Z,2025-10-21T00:00:00.000Z,16,200
2–4 weeks,Kennesaw State University,2025-10-03T00:00:00.000Z,2025-10-22T00:00:00.000Z,19,100
2–4 weeks,Wesleyan School,2025-09-25T00:00:00.000Z,2025-10-22T00:00:00.000Z,27,220
2–4 weeks,Jack & Jill,2025-10-05T00:00:00.000Z,2025-10-25T00:00:00.000Z,20,100
2–4 weeks,Taylor Arnold Birthday Service Project,2025-10-05T00:00:00.000Z,2025-10-25T00:00:00.000Z,20,
2–4 weeks,Mosaic Design Build,2025-09-30T00:00:00.000Z,2025-10-29T00:00:00.000Z,29,200
2–4 weeks,Peachtree Church,2025-10-09T00:00:00.000Z,2025-10-29T00:00:00.000Z,20,200
2–4 weeks,Guidehouse,2025-10-05T00:00:00.000Z,2025-10-30T00:00:00.000Z,25,
1–2 months,Cox,2025-08-26T00:00:00.000Z,2025-10-01T00:00:00.000Z,36,170
1–2 months,Cox,2025-08-26T00:00:00.000Z,2025-10-01T00:00:00.000Z,36,200
1–2 months,Westminster,2025-08-29T00:00:00.000Z,2025-10-01T00:00:00.000Z,33,450
1–2 months,NCL,2025-08-31T00:00:00.000Z,2025-10-04T00:00:00.000Z,34,300
1–2 months,Compassion in Action,2025-08-31T00:00:00.000Z,2025-10-05T00:00:00.000Z,35,1300
1–2 months,Tritt Elementary,2025-08-25T00:00:00.000Z,2025-10-07T00:00:00.000Z,43,200
1–2 months,Capstone Academy,2025-08-30T00:00:00.000Z,2025-10-08T00:00:00.000Z,39,100
1–2 months,Greystone Garden Club,2025-08-31T00:00:00.000Z,2025-10-08T00:00:00.000Z,38,200
1–2 months,Marietta High School,2025-09-08T00:00:00.000Z,2025-10-09T00:00:00.000Z,31,200
1–2 months,LDS,2025-09-03T00:00:00.000Z,2025-10-11T00:00:00.000Z,38,500
1–2 months,Dacula United Methodist Church,2025-08-28T00:00:00.000Z,2025-10-18T00:00:00.000Z,51,200
1–2 months,Emory,2025-09-03T00:00:00.000Z,2025-10-18T00:00:00.000Z,45,600
1–2 months,Korean-American Community,2025-09-17T00:00:00.000Z,2025-10-26T00:00:00.000Z,39,200
1–2 months,Rotary Club,2025-09-22T00:00:00.000Z,2025-10-26T00:00:00.000Z,34,200
1–2 months,Synergis,2025-09-08T00:00:00.000Z,2025-10-29T00:00:00.000Z,51,500
request_lead_time,event,requested_date,event_date,lead_days,estimated_sandwiches
Under 2 weeks,Emory,2025-10-05T00:00:00.000Z,2025-10-05T00:00:00.000Z,0,300
Under 2 weeks,Emory,2025-10-05T00:00:00.000Z,2025-10-08T00:00:00.000Z,3,200
Under 2 weeks,NCJW,2025-10-05T00:00:00.000Z,2025-10-08T00:00:00.000Z,3,120
Under 2 weeks,Northview High School,2025-10-01T00:00:00.000Z,2025-10-08T00:00:00.000Z,7,500
Under 2 weeks,TPx,2025-10-02T00:00:00.000Z,2025-10-08T00:00:00.000Z,6,450
Under 2 weeks,Body GOALS PT,2025-10-10T00:00:00.000Z,2025-10-14T00:00:00.000Z,4,0
Under 2 weeks,Village Oaks Subdivision,2025-10-08T00:00:00.000Z,2025-10-15T00:00:00.000Z,7,100
Under 2 weeks,YMSL,2025-10-18T00:00:00.000Z,2025-10-18T00:00:00.000Z,0,400
Under 2 weeks,Christ The King School,2025-10-13T00:00:00.000Z,2025-10-22T00:00:00.000Z,9,
Under 2 weeks,Walton High School,2025-10-09T00:00:00.000Z,2025-10-22T00:00:00.000Z,13,250
Under 2 weeks,Altrusa International,2025-10-22T00:00:00.000Z,2025-10-24T00:00:00.000Z,2,500
Under 2 weeks,YMSL,2025-10-13T00:00:00.000Z,2025-10-25T00:00:00.000Z,12,220
Under 2 weeks,NCL,2025-10-20T00:00:00.000Z,2025-10-26T00:00:00.000Z,6,250
Under 2 weeks,NCL,2025-10-21T00:00:00.000Z,2025-10-29T00:00:00.000Z,8,200
2–4 weeks,Roswell Presbyterian Church,2025-09-09T00:00:00.000Z,2025-10-01T00:00:00.000Z,22,1000
2–4 weeks,The Swift School,2025-09-04T00:00:00.000Z,2025-10-01T00:00:00.000Z,27,300
2–4 weeks,CISV,2025-09-28T00:00:00.000Z,2025-10-12T00:00:00.000Z,14,200
2–4 weeks,Omega Phi Alpha at Kennesaw State University,2025-09-24T00:00:00.000Z,2025-10-13T00:00:00.000Z,19,100
2–4 weeks,Omega Phi Alpha at Kennesaw State University,2025-09-23T00:00:00.000Z,2025-10-13T00:00:00.000Z,20,
2–4 weeks,Sheraton Suites Galleria Atlanta,2025-09-30T00:00:00.000Z,2025-10-15T00:00:00.000Z,15,250
2–4 weeks,Gwinnett Youth Commission,2025-09-19T00:00:00.000Z,2025-10-17T00:00:00.000Z,28,250
2–4 weeks,Outlaws Travel Baseball,2025-09-29T00:00:00.000Z,2025-10-18T00:00:00.000Z,19,
2–4 weeks,Georgia Tech,2025-10-05T00:00:00.000Z,2025-10-21T00:00:00.000Z,16,200
2–4 weeks,Kennesaw State University,2025-10-03T00:00:00.000Z,2025-10-22T00:00:00.000Z,19,100
2–4 weeks,Wesleyan School,2025-09-25T00:00:00.000Z,2025-10-22T00:00:00.000Z,27,220
2–4 weeks,Jack & Jill,2025-10-05T00:00:00.000Z,2025-10-25T00:00:00.000Z,20,100
2–4 weeks,Taylor Arnold Birthday Service Project,2025-10-05T00:00:00.000Z,2025-10-25T00:00:00.000Z,20,
2–4 weeks,Mosaic Design Build,2025-09-30T00:00:00.000Z,2025-10-29T00:00:00.000Z,29,200
2–4 weeks,Peachtree Church,2025-10-09T00:00:00.000Z,2025-10-29T00:00:00.000Z,20,200
2–4 weeks,Guidehouse,2025-10-05T00:00:00.000Z,2025-10-30T00:00:00.000Z,25,
1–2 months,Cox,2025-08-26T00:00:00.000Z,2025-10-01T00:00:00.000Z,36,170
1–2 months,Cox,2025-08-26T00:00:00.000Z,2025-10-01T00:00:00.000Z,36,200
1–2 months,Westminster,2025-08-29T00:00:00.000Z,2025-10-01T00:00:00.000Z,33,450
1–2 months,NCL,2025-08-31T00:00:00.000Z,2025-10-04T00:00:00.000Z,34,300
1–2 months,Compassion in Action,2025-08-31T00:00:00.000Z,2025-10-05T00:00:00.000Z,35,1300
1–2 months,Tritt Elementary,2025-08-25T00:00:00.000Z,2025-10-07T00:00:00.000Z,43,200
1–2 months,Capstone Academy,2025-08-30T00:00:00.000Z,2025-10-08T00:00:00.000Z,39,100
1–2 months,Greystone Garden Club,2025-08-31T00:00:00.000Z,2025-10-08T00:00:00.000Z,38,200
1–2 months,Marietta High School,2025-09-08T00:00:00.000Z,2025-10-09T00:00:00.000Z,31,200
1–2 months,LDS,2025-09-03T00:00:00.000Z,2025-10-11T00:00:00.000Z,38,500
1–2 months,Dacula United Methodist Church,2025-08-28T00:00:00.000Z,2025-10-18T00:00:00.000Z,51,200
1–2 months,Emory,2025-09-03T00:00:00.000Z,2025-10-18T00:00:00.000Z,45,600
1–2 months,Korean-American Community,2025-09-17T00:00:00.000Z,2025-10-26T00:00:00.000Z,39,200
1–2 months,Rotary Club,2025-09-22T00:00:00.000Z,2025-10-26T00:00:00.000Z,34,200
1–2 months,Synergis,2025-09-08T00:00:00.000Z,2025-10-29T00:00:00.000Z,51,500
request_lead_time,event,requested_date,event_date,lead_days,estimated_sandwiches
Under 2 weeks,Emory,2025-10-05T00:00:00.000Z,2025-10-05T00:00:00.000Z,0,300
Under 2 weeks,Emory,2025-10-05T00:00:00.000Z,2025-10-08T00:00:00.000Z,3,200
Under 2 weeks,NCJW,2025-10-05T00:00:00.000Z,2025-10-08T00:00:00.000Z,3,120
Under 2 weeks,Northview High School,2025-10-01T00:00:00.000Z,2025-10-08T00:00:00.000Z,7,500
Under 2 weeks,TPx,2025-10-02T00:00:00.000Z,2025-10-08T00:00:00.000Z,6,450
Under 2 weeks,Body GOALS PT,2025-10-10T00:00:00.000Z,2025-10-14T00:00:00.000Z,4,0
Under 2 weeks,Village Oaks Subdivision,2025-10-08T00:00:00.000Z,2025-10-15T00:00:00.000Z,7,100
Under 2 weeks,YMSL,2025-10-18T00:00:00.000Z,2025-10-18T00:00:00.000Z,0,400
Under 2 weeks,Christ The King School,2025-10-13T00:00:00.000Z,2025-10-22T00:00:00.000Z,9,
Under 2 weeks,Walton High School,2025-10-09T00:00:00.000Z,2025-10-22T00:00:00.000Z,13,250
Under 2 weeks,Altrusa International,2025-10-22T00:00:00.000Z,2025-10-24T00:00:00.000Z,2,500
Under 2 weeks,YMSL,2025-10-13T00:00:00.000Z,2025-10-25T00:00:00.000Z,12,220
Under 2 weeks,NCL,2025-10-20T00:00:00.000Z,2025-10-26T00:00:00.000Z,6,250
Under 2 weeks,NCL,2025-10-21T00:00:00.000Z,2025-10-29T00:00:00.000Z,8,200
2–4 weeks,Roswell Presbyterian Church,2025-09-09T00:00:00.000Z,2025-10-01T00:00:00.000Z,22,1000
2–4 weeks,The Swift School,2025-09-04T00:00:00.000Z,2025-10-01T00:00:00.000Z,27,300
2–4 weeks,CISV,2025-09-28T00:00:00.000Z,2025-10-12T00:00:00.000Z,14,200
2–4 weeks,Omega Phi Alpha at Kennesaw State University,2025-09-24T00:00:00.000Z,2025-10-13T00:00:00.000Z,19,100
2–4 weeks,Omega Phi Alpha at Kennesaw State University,2025-09-23T00:00:00.000Z,2025-10-13T00:00:00.000Z,20,
2–4 weeks,Sheraton Suites Galleria Atlanta,2025-09-30T00:00:00.000Z,2025-10-15T00:00:00.000Z,15,250
2–4 weeks,Gwinnett Youth Commission,2025-09-19T00:00:00.000Z,2025-10-17T00:00:00.000Z,28,250
2–4 weeks,Outlaws Travel Baseball,2025-09-29T00:00:00.000Z,2025-10-18T00:00:00.000Z,19,
2–4 weeks,Georgia Tech,2025-10-05T00:00:00.000Z,2025-10-21T00:00:00.000Z,16,200
2–4 weeks,Kennesaw State University,2025-10-03T00:00:00.000Z,2025-10-22T00:00:00.000Z,19,100
2–4 weeks,Wesleyan School,2025-09-25T00:00:00.000Z,2025-10-22T00:00:00.000Z,27,220
2–4 weeks,Jack & Jill,2025-10-05T00:00:00.000Z,2025-10-25T00:00:00.000Z,20,100
2–4 weeks,Taylor Arnold Birthday Service Project,2025-10-05T00:00:00.000Z,2025-10-25T00:00:00.000Z,20,
2–4 weeks,Mosaic Design Build,2025-09-30T00:00:00.000Z,2025-10-29T00:00:00.000Z,29,200
2–4 weeks,Peachtree Church,2025-10-09T00:00:00.000Z,2025-10-29T00:00:00.000Z,20,200
2–4 weeks,Guidehouse,2025-10-05T00:00:00.000Z,2025-10-30T00:00:00.000Z,25,
1–2 months,Cox,2025-08-26T00:00:00.000Z,2025-10-01T00:00:00.000Z,36,170
1–2 months,Cox,2025-08-26T00:00:00.000Z,2025-10-01T00:00:00.000Z,36,200
1–2 months,Westminster,2025-08-29T00:00:00.000Z,2025-10-01T00:00:00.000Z,33,450
1–2 months,NCL,2025-08-31T00:00:00.000Z,2025-10-04T00:00:00.000Z,34,300
1–2 months,Compassion in Action,2025-08-31T00:00:00.000Z,2025-10-05T00:00:00.000Z,35,1300
1–2 months,Tritt Elementary,2025-08-25T00:00:00.000Z,2025-10-07T00:00:00.000Z,43,200
1–2 months,Capstone Academy,2025-08-30T00:00:00.000Z,2025-10-08T00:00:00.000Z,39,100
1–2 months,Greystone Garden Club,2025-08-31T00:00:00.000Z,2025-10-08T00:00:00.000Z,38,200
1–2 months,Marietta High School,2025-09-08T00:00:00.000Z,2025-10-09T00:00:00.000Z,31,200
1–2 months,LDS,2025-09-03T00:00:00.000Z,2025-10-11T00:00:00.000Z,38,500
1–2 months,Dacula United Methodist Church,2025-08-28T00:00:00.000Z,2025-10-18T00:00:00.000Z,51,200
1–2 months,Emory,2025-09-03T00:00:00.000Z,2025-10-18T00:00:00.000Z,45,600
1–2 months,Korean-American Community,2025-09-17T00:00:00.000Z,2025-10-26T00:00:00.000Z,39,200
1–2 months,Rotary Club,2025-09-22T00:00:00.000Z,2025-10-26T00:00:00.000Z,34,200
1–2 months,Synergis,2025-09-08T00:00:00.000Z,2025-10-29T00:00:00.000Z,51,500
request_lead_time,event,requested_date,event_date,lead_days,estimated_sandwiches
Under 2 weeks,Emory,2025-10-05T00:00:00.000Z,2025-10-05T00:00:00.000Z,0,300
Under 2 weeks,Emory,2025-10-05T00:00:00.000Z,2025-10-08T00:00:00.000Z,3,200
Under 2 weeks,NCJW,2025-10-05T00:00:00.000Z,2025-10-08T00:00:00.000Z,3,120
Under 2 weeks,Northview High School,2025-10-01T00:00:00.000Z,2025-10-08T00:00:00.000Z,7,500
Under 2 weeks,TPx,2025-10-02T00:00:00.000Z,2025-10-08T00:00:00.000Z,6,450
Under 2 weeks,Body GOALS PT,2025-10-10T00:00:00.000Z,2025-10-14T00:00:00.000Z,4,0
Under 2 weeks,Village Oaks Subdivision,2025-10-08T00:00:00.000Z,2025-10-15T00:00:00.000Z,7,100
Under 2 weeks,YMSL,2025-10-18T00:00:00.000Z,2025-10-18T00:00:00.000Z,0,400
Under 2 weeks,Christ The King School,2025-10-13T00:00:00.000Z,2025-10-22T00:00:00.000Z,9,
Under 2 weeks,Walton High School,2025-10-09T00:00:00.000Z,2025-10-22T00:00:00.000Z,13,250
Under 2 weeks,Altrusa International,2025-10-22T00:00:00.000Z,2025-10-24T00:00:00.000Z,2,500
Under 2 weeks,YMSL,2025-10-13T00:00:00.000Z,2025-10-25T00:00:00.000Z,12,220
Under 2 weeks,NCL,2025-10-20T00:00:00.000Z,2025-10-26T00:00:00.000Z,6,250
Under 2 weeks,NCL,2025-10-21T00:00:00.000Z,2025-10-29T00:00:00.000Z,8,200
2–4 weeks,Roswell Presbyterian Church,2025-09-09T00:00:00.000Z,2025-10-01T00:00:00.000Z,22,1000
2–4 weeks,The Swift School,2025-09-04T00:00:00.000Z,2025-10-01T00:00:00.000Z,27,300
2–4 weeks,CISV,2025-09-28T00:00:00.000Z,2025-10-12T00:00:00.000Z,14,200
2–4 weeks,Omega Phi Alpha at Kennesaw State University,2025-09-24T00:00:00.000Z,2025-10-13T00:00:00.000Z,19,100
2–4 weeks,Omega Phi Alpha at Kennesaw State University,2025-09-23T00:00:00.000Z,2025-10-13T00:00:00.000Z,20,
2–4 weeks,Sheraton Suites Galleria Atlanta,2025-09-30T00:00:00.000Z,2025-10-15T00:00:00.000Z,15,250
2–4 weeks,Gwinnett Youth Commission,2025-09-19T00:00:00.000Z,2025-10-17T00:00:00.000Z,28,250
2–4 weeks,Outlaws Travel Baseball,2025-09-29T00:00:00.000Z,2025-10-18T00:00:00.000Z,19,
2–4 weeks,Georgia Tech,2025-10-05T00:00:00.000Z,2025-10-21T00:00:00.000Z,16,200
2–4 weeks,Kennesaw State University,2025-10-03T00:00:00.000Z,2025-10-22T00:00:00.000Z,19,100
2–4 weeks,Wesleyan School,2025-09-25T00:00:00.000Z,2025-10-22T00:00:00.000Z,27,220
2–4 weeks,Jack & Jill,2025-10-05T00:00:00.000Z,2025-10-25T00:00:00.000Z,20,100
2–4 weeks,Taylor Arnold Birthday Service Project,2025-10-05T00:00:00.000Z,2025-10-25T00:00:00.000Z,20,
2–4 weeks,Mosaic Design Build,2025-09-30T00:00:00.000Z,2025-10-29T00:00:00.000Z,29,200
2–4 weeks,Peachtree Church,2025-10-09T00:00:00.000Z,2025-10-29T00:00:00.000Z,20,200
2–4 weeks,Guidehouse,2025-10-05T00:00:00.000Z,2025-10-30T00:00:00.000Z,25,
1–2 months,Cox,2025-08-26T00:00:00.000Z,2025-10-01T00:00:00.000Z,36,170
1–2 months,Cox,2025-08-26T00:00:00.000Z,2025-10-01T00:00:00.000Z,36,200
1–2 months,Westminster,2025-08-29T00:00:00.000Z,2025-10-01T00:00:00.000Z,33,450
1–2 months,NCL,2025-08-31T00:00:00.000Z,2025-10-04T00:00:00.000Z,34,300
1–2 months,Compassion in Action,2025-08-31T00:00:00.000Z,2025-10-05T00:00:00.000Z,35,1300
1–2 months,Tritt Elementary,2025-08-25T00:00:00.000Z,2025-10-07T00:00:00.000Z,43,200
1–2 months,Capstone Academy,2025-08-30T00:00:00.000Z,2025-10-08T00:00:00.000Z,39,100
1–2 months,Greystone Garden Club,2025-08-31T00:00:00.000Z,2025-10-08T00:00:00.000Z,38,200
1–2 months,Marietta High School,2025-09-08T00:00:00.000Z,2025-10-09T00:00:00.000Z,31,200
1–2 months,LDS,2025-09-03T00:00:00.000Z,2025-10-11T00:00:00.000Z,38,500
1–2 months,Dacula United Methodist Church,2025-08-28T00:00:00.000Z,2025-10-18T00:00:00.000Z,51,200
1–2 months,Emory,2025-09-03T00:00:00.000Z,2025-10-18T00:00:00.000Z,45,600
1–2 months,Korean-American Community,2025-09-17T00:00:00.000Z,2025-10-26T00:00:00.000Z,39,200
1–2 months,Rotary Club,2025-09-22T00:00:00.000Z,2025-10-26T00:00:00.000Z,34,200
1–2 months,Synergis,2025-09-08T00:00:00.000Z,2025-10-29T00:00:00.000Z,51,500
request_lead_time,event,requested_date,event_date,lead_days,estimated_sandwiches
Under 2 weeks,Emory,2025-10-05T00:00:00.000Z,2025-10-05T00:00:00.000Z,0,300
Under 2 weeks,Emory,2025-10-05T00:00:00.000Z,2025-10-08T00:00:00.000Z,3,200
Under 2 weeks,NCJW,2025-10-05T00:00:00.000Z,2025-10-08T00:00:00.000Z,3,120
Under 2 weeks,Northview High School,2025-10-01T00:00:00.000Z,2025-10-08T00:00:00.000Z,7,500
Under 2 weeks,TPx,2025-10-02T00:00:00.000Z,2025-10-08T00:00:00.000Z,6,450
Under 2 weeks,Body GOALS PT,2025-10-10T00:00:00.000Z,2025-10-14T00:00:00.000Z,4,0
Under 2 weeks,Village Oaks Subdivision,2025-10-08T00:00:00.000Z,2025-10-15T00:00:00.000Z,7,100
Under 2 weeks,YMSL,2025-10-18T00:00:00.000Z,2025-10-18T00:00:00.000Z,0,400
Under 2 weeks,Christ The King School,2025-10-13T00:00:00.000Z,2025-10-22T00:00:00.000Z,9,
Under 2 weeks,Walton High School,2025-10-09T00:00:00.000Z,2025-10-22T00:00:00.000Z,13,250
Under 2 weeks,Altrusa International,2025-10-22T00:00:00.000Z,2025-10-24T00:00:00.000Z,2,500
Under 2 weeks,YMSL,2025-10-13T00:00:00.000Z,2025-10-25T00:00:00.000Z,12,220
Under 2 weeks,NCL,2025-10-20T00:00:00.000Z,2025-10-26T00:00:00.000Z,6,250
Under 2 weeks,NCL,2025-10-21T00:00:00.000Z,2025-10-29T00:00:00.000Z,8,200
2–4 weeks,Roswell Presbyterian Church,2025-09-09T00:00:00.000Z,2025-10-01T00:00:00.000Z,22,1000
2–4 weeks,The Swift School,2025-09-04T00:00:00.000Z,2025-10-01T00:00:00.000Z,27,300
2–4 weeks,CISV,2025-09-28T00:00:00.000Z,2025-10-12T00:00:00.000Z,14,200
2–4 weeks,Omega Phi Alpha at Kennesaw State University,2025-09-24T00:00:00.000Z,2025-10-13T00:00:00.000Z,19,100
2–4 weeks,Omega Phi Alpha at Kennesaw State University,2025-09-23T00:00:00.000Z,2025-10-13T00:00:00.000Z,20,
2–4 weeks,Sheraton Suites Galleria Atlanta,2025-09-30T00:00:00.000Z,2025-10-15T00:00:00.000Z,15,250
2–4 weeks,Gwinnett Youth Commission,2025-09-19T00:00:00.000Z,2025-10-17T00:00:00.000Z,28,250
2–4 weeks,Outlaws Travel Baseball,2025-09-29T00:00:00.000Z,2025-10-18T00:00:00.000Z,19,
2–4 weeks,Georgia Tech,2025-10-05T00:00:00.000Z,2025-10-21T00:00:00.000Z,16,200
2–4 weeks,Kennesaw State University,2025-10-03T00:00:00.000Z,2025-10-22T00:00:00.000Z,19,100
2–4 weeks,Wesleyan School,2025-09-25T00:00:00.000Z,2025-10-22T00:00:00.000Z,27,220
2–4 weeks,Jack & Jill,2025-10-05T00:00:00.000Z,2025-10-25T00:00:00.000Z,20,100
2–4 weeks,Taylor Arnold Birthday Service Project,2025-10-05T00:00:00.000Z,2025-10-25T00:00:00.000Z,20,
2–4 weeks,Mosaic Design Build,2025-09-30T00:00:00.000Z,2025-10-29T00:00:00.000Z,29,200
2–4 weeks,Peachtree Church,2025-10-09T00:00:00.000Z,2025-10-29T00:00:00.000Z,20,200
2–4 weeks,Guidehouse,2025-10-05T00:00:00.000Z,2025-10-30T00:00:00.000Z,25,
1–2 months,Cox,2025-08-26T00:00:00.000Z,2025-10-01T00:00:00.000Z,36,170
1–2 months,Cox,2025-08-26T00:00:00.000Z,2025-10-01T00:00:00.000Z,36,200
1–2 months,Westminster,2025-08-29T00:00:00.000Z,2025-10-01T00:00:00.000Z,33,450
1–2 months,NCL,2025-08-31T00:00:00.000Z,2025-10-04T00:00:00.000Z,34,300
1–2 months,Compassion in Action,2025-08-31T00:00:00.000Z,2025-10-05T00:00:00.000Z,35,1300
1–2 months,Tritt Elementary,2025-08-25T00:00:00.000Z,2025-10-07T00:00:00.000Z,43,200
1–2 months,Capstone Academy,2025-08-30T00:00:00.000Z,2025-10-08T00:00:00.000Z,39,100
1–2 months,Greystone Garden Club,2025-08-31T00:00:00.000Z,2025-10-08T00:00:00.000Z,38,200
1–2 months,Marietta High School,2025-09-08T00:00:00.000Z,2025-10-09T00:00:00.000Z,31,200
1–2 months,LDS,2025-09-03T00:00:00.000Z,2025-10-11T00:00:00.000Z,38,500
1–2 months,Dacula United Methodist Church,2025-08-28T00:00:00.000Z,2025-10-18T00:00:00.000Z,51,200
1–2 months,Emory,2025-09-03T00:00:00.000Z,2025-10-18T00:00:00.000Z,45,600
1–2 months,Korean-American Community,2025-09-17T00:00:00.000Z,2025-10-26T00:00:00.000Z,39,200
1–2 months,Rotary Club,2025-09-22T00:00:00.000Z,2025-10-26T00:00:00.000Z,34,200
1–2 months,Synergis,2025-09-08T00:00:00.000Z,2025-10-29T00:00:00.000Z,51,500
request_lead_time,event,requested_date,event_date,lead_days,estimated_sandwiches
Under 2 weeks,Emory,2025-10-05T00:00:00.000Z,2025-10-05T00:00:00.000Z,0,300
Under 2 weeks,Emory,2025-10-05T00:00:00.000Z,2025-10-08T00:00:00.000Z,3,200
Under 2 weeks,NCJW,2025-10-05T00:00:00.000Z,2025-10-08T00:00:00.000Z,3,120
Under 2 weeks,Northview High School,2025-10-01T00:00:00.000Z,2025-10-08T00:00:00.000Z,7,500
Under 2 weeks,TPx,2025-10-02T00:00:00.000Z,2025-10-08T00:00:00.000Z,6,450
Under 2 weeks,Body GOALS PT,2025-10-10T00:00:00.000Z,2025-10-14T00:00:00.000Z,4,0
Under 2 weeks,Village Oaks Subdivision,2025-10-08T00:00:00.000Z,2025-10-15T00:00:00.000Z,7,100
Under 2 weeks,YMSL,2025-10-18T00:00:00.000Z,2025-10-18T00:00:00.000Z,0,400
Under 2 weeks,Christ The King School,2025-10-13T00:00:00.000Z,2025-10-22T00:00:00.000Z,9,
Under 2 weeks,Walton High School,2025-10-09T00:00:00.000Z,2025-10-22T00:00:00.000Z,13,250
Under 2 weeks,Altrusa International,2025-10-22T00:00:00.000Z,2025-10-24T00:00:00.000Z,2,500
Under 2 weeks,YMSL,2025-10-13T00:00:00.000Z,2025-10-25T00:00:00.000Z,12,220
Under 2 weeks,NCL,2025-10-20T00:00:00.000Z,2025-10-26T00:00:00.000Z,6,250
Under 2 weeks,NCL,2025-10-21T00:00:00.000Z,2025-10-29T00:00:00.000Z,8,200
2–4 weeks,Roswell Presbyterian Church,2025-09-09T00:00:00.000Z,2025-10-01T00:00:00.000Z,22,1000
2–4 weeks,The Swift School,2025-09-04T00:00:00.000Z,2025-10-01T00:00:00.000Z,27,300
2–4 weeks,CISV,2025-09-28T00:00:00.000Z,2025-10-12T00:00:00.000Z,14,200
2–4 weeks,Omega Phi Alpha at Kennesaw State University,2025-09-24T00:00:00.000Z,2025-10-13T00:00:00.000Z,19,100
2–4 weeks,Omega Phi Alpha at Kennesaw State University,2025-09-23T00:00:00.000Z,2025-10-13T00:00:00.000Z,20,
2–4 weeks,Sheraton Suites Galleria Atlanta,2025-09-30T00:00:00.000Z,2025-10-15T00:00:00.000Z,15,250
2–4 weeks,Gwinnett Youth Commission,2025-09-19T00:00:00.000Z,2025-10-17T00:00:00.000Z,28,250
2–4 weeks,Outlaws Travel Baseball,2025-09-29T00:00:00.000Z,2025-10-18T00:00:00.000Z,19,
2–4 weeks,Georgia Tech,2025-10-05T00:00:00.000Z,2025-10-21T00:00:00.000Z,16,200
2–4 weeks,Kennesaw State University,2025-10-03T00:00:00.000Z,2025-10-22T00:00:00.000Z,19,100
2–4 weeks,Wesleyan School,2025-09-25T00:00:00.000Z,2025-10-22T00:00:00.000Z,27,220
2–4 weeks,Jack & Jill,2025-10-05T00:00:00.000Z,2025-10-25T00:00:00.000Z,20,100
2–4 weeks,Taylor Arnold Birthday Service Project,2025-10-05T00:00:00.000Z,2025-10-25T00:00:00.000Z,20,
2–4 weeks,Mosaic Design Build,2025-09-30T00:00:00.000Z,2025-10-29T00:00:00.000Z,29,200
2–4 weeks,Peachtree Church,2025-10-09T00:00:00.000Z,2025-10-29T00:00:00.000Z,20,200
2–4 weeks,Guidehouse,2025-10-05T00:00:00.000Z,2025-10-30T00:00:00.000Z,25,
1–2 months,Cox,2025-08-26T00:00:00.000Z,2025-10-01T00:00:00.000Z,36,170
1–2 months,Cox,2025-08-26T00:00:00.000Z,2025-10-01T00:00:00.000Z,36,200
1–2 months,Westminster,2025-08-29T00:00:00.000Z,2025-10-01T00:00:00.000Z,33,450
1–2 months,NCL,2025-08-31T00:00:00.000Z,2025-10-04T00:00:00.000Z,34,300
1–2 months,Compassion in Action,2025-08-31T00:00:00.000Z,2025-10-05T00:00:00.000Z,35,1300
1–2 months,Tritt Elementary,2025-08-25T00:00:00.000Z,2025-10-07T00:00:00.000Z,43,200
1–2 months,Capstone Academy,2025-08-30T00:00:00.000Z,2025-10-08T00:00:00.000Z,39,100
1–2 months,Greystone Garden Club,2025-08-31T00:00:00.000Z,2025-10-08T00:00:00.000Z,38,200
1–2 months,Marietta High School,2025-09-08T00:00:00.000Z,2025-10-09T00:00:00.000Z,31,200
1–2 months,LDS,2025-09-03T00:00:00.000Z,2025-10-11T00:00:00.000Z,38,500
1–2 months,Dacula United Methodist Church,2025-08-28T00:00:00.000Z,2025-10-18T00:00:00.000Z,51,200
1–2 months,Emory,2025-09-03T00:00:00.000Z,2025-10-18T00:00:00.000Z,45,600
1–2 months,Korean-American Community,2025-09-17T00:00:00.000Z,2025-10-26T00:00:00.000Z,39,200
1–2 months,Rotary Club,2025-09-22T00:00:00.000Z,2025-10-26T00:00:00.000Z,34,200
1–2 months,Synergis,2025-09-08T00:00:00.000Z,2025-10-29T00:00:00.000Z,51,500
request_lead_time,event,requested_date,event_date,lead_days,estimated_sandwiches
Under 2 weeks,Emory,2025-10-05T00:00:00.000Z,2025-10-05T00:00:00.000Z,0,300
Under 2 weeks,Emory,2025-10-05T00:00:00.000Z,2025-10-08T00:00:00.000Z,3,200
Under 2 weeks,NCJW,2025-10-05T00:00:00.000Z,2025-10-08T00:00:00.000Z,3,120
Under 2 weeks,Northview High School,2025-10-01T00:00:00.000Z,2025-10-08T00:00:00.000Z,7,500
Under 2 weeks,TPx,2025-10-02T00:00:00.000Z,2025-10-08T00:00:00.000Z,6,450
Under 2 weeks,Body GOALS PT,2025-10-10T00:00:00.000Z,2025-10-14T00:00:00.000Z,4,0
Under 2 weeks,Village Oaks Subdivision,2025-10-08T00:00:00.000Z,2025-10-15T00:00:00.000Z,7,100
Under 2 weeks,YMSL,2025-10-18T00:00:00.000Z,2025-10-18T00:00:00.000Z,0,400
Under 2 weeks,Christ The King School,2025-10-13T00:00:00.000Z,2025-10-22T00:00:00.000Z,9,
Under 2 weeks,Walton High School,2025-10-09T00:00:00.000Z,2025-10-22T00:00:00.000Z,13,250
Under 2 weeks,Altrusa International,2025-10-22T00:00:00.000Z,2025-10-24T00:00:00.000Z,2,500
Under 2 weeks,YMSL,2025-10-13T00:00:00.000Z,2025-10-25T00:00:00.000Z,12,220
Under 2 weeks,NCL,2025-10-20T00:00:00.000Z,2025-10-26T00:00:00.000Z,6,250
Under 2 weeks,NCL,2025-10-21T00:00:00.000Z,2025-10-29T00:00:00.000Z,8,200
2–4 weeks,Roswell Presbyterian Church,2025-09-09T00:00:00.000Z,2025-10-01T00:00:00.000Z,22,1000
2–4 weeks,The Swift School,2025-09-04T00:00:00.000Z,2025-10-01T00:00:00.000Z,27,300
2–4 weeks,CISV,2025-09-28T00:00:00.000Z,2025-10-12T00:00:00.000Z,14,200
2–4 weeks,Omega Phi Alpha at Kennesaw State University,2025-09-24T00:00:00.000Z,2025-10-13T00:00:00.000Z,19,100
2–4 weeks,Omega Phi Alpha at Kennesaw State University,2025-09-23T00:00:00.000Z,2025-10-13T00:00:00.000Z,20,
2–4 weeks,Sheraton Suites Galleria Atlanta,2025-09-30T00:00:00.000Z,2025-10-15T00:00:00.000Z,15,250
2–4 weeks,Gwinnett Youth Commission,2025-09-19T00:00:00.000Z,2025-10-17T00:00:00.000Z,28,250
2–4 weeks,Outlaws Travel Baseball,2025-09-29T00:00:00.000Z,2025-10-18T00:00:00.000Z,19,
2–4 weeks,Georgia Tech,2025-10-05T00:00:00.000Z,2025-10-21T00:00:00.000Z,16,200
2–4 weeks,Kennesaw State University,2025-10-03T00:00:00.000Z,2025-10-22T00:00:00.000Z,19,100
2–4 weeks,Wesleyan School,2025-09-25T00:00:00.000Z,2025-10-22T00:00:00.000Z,27,220
2–4 weeks,Jack & Jill,2025-10-05T00:00:00.000Z,2025-10-25T00:00:00.000Z,20,100
2–4 weeks,Taylor Arnold Birthday Service Project,2025-10-05T00:00:00.000Z,2025-10-25T00:00:00.000Z,20,
2–4 weeks,Mosaic Design Build,2025-09-30T00:00:00.000Z,2025-10-29T00:00:00.000Z,29,200
2–4 weeks,Peachtree Church,2025-10-09T00:00:00.000Z,2025-10-29T00:00:00.000Z,20,200
2–4 weeks,Guidehouse,2025-10-05T00:00:00.000Z,2025-10-30T00:00:00.000Z,25,
1–2 months,Cox,2025-08-26T00:00:00.000Z,2025-10-01T00:00:00.000Z,36,170
1–2 months,Cox,2025-08-26T00:00:00.000Z,2025-10-01T00:00:00.000Z,36,200
1–2 months,Westminster,2025-08-29T00:00:00.000Z,2025-10-01T00:00:00.000Z,33,450
1–2 months,NCL,2025-08-31T00:00:00.000Z,2025-10-04T00:00:00.000Z,34,300
1–2 months,Compassion in Action,2025-08-31T00:00:00.000Z,2025-10-05T00:00:00.000Z,35,1300
1–2 months,Tritt Elementary,2025-08-25T00:00:00.000Z,2025-10-07T00:00:00.000Z,43,200
1–2 months,Capstone Academy,2025-08-30T00:00:00.000Z,2025-10-08T00:00:00.000Z,39,100
1–2 months,Greystone Garden Club,2025-08-31T00:00:00.000Z,2025-10-08T00:00:00.000Z,38,200
1–2 months,Marietta High School,2025-09-08T00:00:00.000Z,2025-10-09T00:00:00.000Z,31,200
1–2 months,LDS,2025-09-03T00:00:00.000Z,2025-10-11T00:00:00.000Z,38,500
1–2 months,Dacula United Methodist Church,2025-08-28T00:00:00.000Z,2025-10-18T00:00:00.000Z,51,200
1–2 months,Emory,2025-09-03T00:00:00.000Z,2025-10-18T00:00:00.000Z,45,600
1–2 months,Korean-American Community,2025-09-17T00:00:00.000Z,2025-10-26T00:00:00.000Z,39,200
1–2 months,Rotary Club,2025-09-22T00:00:00.000Z,2025-10-26T00:00:00.000Z,34,200
1–2 months,Synergis,2025-09-08T00:00:00.000Z,2025-10-29T00:00:00.000Z,51,500
request_lead_time,event,requested_date,event_date,lead_days,estimated_sandwiches
Under 2 weeks,Emory,2025-10-05T00:00:00.000Z,2025-10-05T00:00:00.000Z,0,300
Under 2 weeks,Emory,2025-10-05T00:00:00.000Z,2025-10-08T00:00:00.000Z,3,200
Under 2 weeks,NCJW,2025-10-05T00:00:00.000Z,2025-10-08T00:00:00.000Z,3,120
Under 2 weeks,Northview High School,2025-10-01T00:00:00.000Z,2025-10-08T00:00:00.000Z,7,500
Under 2 weeks,TPx,2025-10-02T00:00:00.000Z,2025-10-08T00:00:00.000Z,6,450
Under 2 weeks,Body GOALS PT,2025-10-10T00:00:00.000Z,2025-10-14T00:00:00.000Z,4,0
Under 2 weeks,Village Oaks Subdivision,2025-10-08T00:00:00.000Z,2025-10-15T00:00:00.000Z,7,100
Under 2 weeks,YMSL,2025-10-18T00:00:00.000Z,2025-10-18T00:00:00.000Z,0,400
Under 2 weeks,Christ The King School,2025-10-13T00:00:00.000Z,2025-10-22T00:00:00.000Z,9,
Under 2 weeks,Walton High School,2025-10-09T00:00:00.000Z,2025-10-22T00:00:00.000Z,13,250
Under 2 weeks,Altrusa International,2025-10-22T00:00:00.000Z,2025-10-24T00:00:00.000Z,2,500
Under 2 weeks,YMSL,2025-10-13T00:00:00.000Z,2025-10-25T00:00:00.000Z,12,220
Under 2 weeks,NCL,2025-10-20T00:00:00.000Z,2025-10-26T00:00:00.000Z,6,250
Under 2 weeks,NCL,2025-10-21T00:00:00.000Z,2025-10-29T00:00:00.000Z,8,200
2–4 weeks,Roswell Presbyterian Church,2025-09-09T00:00:00.000Z,2025-10-01T00:00:00.000Z,22,1000
2–4 weeks,The Swift School,2025-09-04T00:00:00.000Z,2025-10-01T00:00:00.000Z,27,300
2–4 weeks,CISV,2025-09-28T00:00:00.000Z,2025-10-12T00:00:00.000Z,14,200
2–4 weeks,Omega Phi Alpha at Kennesaw State University,2025-09-24T00:00:00.000Z,2025-10-13T00:00:00.000Z,19,100
2–4 weeks,Omega Phi Alpha at Kennesaw State University,2025-09-23T00:00:00.000Z,2025-10-13T00:00:00.000Z,20,
2–4 weeks,Sheraton Suites Galleria Atlanta,2025-09-30T00:00:00.000Z,2025-10-15T00:00:00.000Z,15,250
2–4 weeks,Gwinnett Youth Commission,2025-09-19T00:00:00.000Z,2025-10-17T00:00:00.000Z,28,250
2–4 weeks,Outlaws Travel Baseball,2025-09-29T00:00:00.000Z,2025-10-18T00:00:00.000Z,19,
2–4 weeks,Georgia Tech,2025-10-05T00:00:00.000Z,2025-10-21T00:00:00.000Z,16,200
2–4 weeks,Kennesaw State University,2025-10-03T00:00:00.000Z,2025-10-22T00:00:00.000Z,19,100
2–4 weeks,Wesleyan School,2025-09-25T00:00:00.000Z,2025-10-22T00:00:00.000Z,27,220
2–4 weeks,Jack & Jill,2025-10-05T00:00:00.000Z,2025-10-25T00:00:00.000Z,20,100
2–4 weeks,Taylor Arnold Birthday Service Project,2025-10-05T00:00:00.000Z,2025-10-25T00:00:00.000Z,20,
2–4 weeks,Mosaic Design Build,2025-09-30T00:00:00.000Z,2025-10-29T00:00:00.000Z,29,200
2–4 weeks,Peachtree Church,2025-10-09T00:00:00.000Z,2025-10-29T00:00:00.000Z,20,200
2–4 weeks,Guidehouse,2025-10-05T00:00:00.000Z,2025-10-30T00:00:00.000Z,25,
1–2 months,Cox,2025-08-26T00:00:00.000Z,2025-10-01T00:00:00.000Z,36,170
1–2 months,Cox,2025-08-26T00:00:00.000Z,2025-10-01T00:00:00.000Z,36,200
1–2 months,Westminster,2025-08-29T00:00:00.000Z,2025-10-01T00:00:00.000Z,33,450
1–2 months,NCL,2025-08-31T00:00:00.000Z,2025-10-04T00:00:00.000Z,34,300
1–2 months,Compassion in Action,2025-08-31T00:00:00.000Z,2025-10-05T00:00:00.000Z,35,1300
1–2 months,Tritt Elementary,2025-08-25T00:00:00.000Z,2025-10-07T00:00:00.000Z,43,200
1–2 months,Capstone Academy,2025-08-30T00:00:00.000Z,2025-10-08T00:00:00.000Z,39,100
1–2 months,Greystone Garden Club,2025-08-31T00:00:00.000Z,2025-10-08T00:00:00.000Z,38,200
1–2 months,Marietta High School,2025-09-08T00:00:00.000Z,2025-10-09T00:00:00.000Z,31,200
1–2 months,LDS,2025-09-03T00:00:00.000Z,2025-10-11T00:00:00.000Z,38,500
1–2 months,Dacula United Methodist Church,2025-08-28T00:00:00.000Z,2025-10-18T00:00:00.000Z,51,200
1–2 months,Emory,2025-09-03T00:00:00.000Z,2025-10-18T00:00:00.000Z,45,600
1–2 months,Korean-American Community,2025-09-17T00:00:00.000Z,2025-10-26T00:00:00.000Z,39,200
1–2 months,Rotary Club,2025-09-22T00:00:00.000Z,2025-10-26T00:00:00.000Z,34,200
1–2 months,Synergis,2025-09-08T00:00:00.000Z,2025-10-29T00:00:00.000Z,51,500
